[{"company_id":50612, "company_address_id":292, "ward_id":26953, "province_id":79, "district_id":765, "street":"T\u1ea7ng 12A, To\u00e0 nh\u00e0 AP Tower, 518B \u0110i\u1ec7n Bi\u00ean Ph\u1ee7"},
 {"company_id":53647, "company_address_id":4620, "ward_id":26740, "province_id":79, "district_id":760, "street":"Sonatus Building, 15 L\u00ea Th\u00e1nh T\u00f4n,"},
 {"company_id":55771, "company_address_id":9643, "ward_id":27475, "province_id":79, "district_id":778, "street":"Sunrise City - North, 27 Nguy\u1ec5n H\u1eefu Th\u1ecd"},
 {"company_id":58023, "company_address_id":15294, "ward_id":27088, "province_id":79, "district_id":762, "street":"169 Nguy\u1ec5n V\u0103n H\u01b0\u1edfng, Th\u00e0nh Ph\u1ed1, Th\u1ee7 \u0110\u1ee9c, Th\u00e0nh ph\u1ed1 H\u1ed3 Ch\u00ed Minh 700000, Vietnam"},
 {"company_id":59216, "company_address_id":16804, "ward_id":631, "province_id":1, "district_id":19, "street":"T\u1ea7ng 12, Keangnam Landmark Tower, Khu E6 \u0110\u00f4 th\u1ecb m\u1edbi C\u1ea7u Gi\u1ea5y, Ph\u1ea1m H\u00f9ng"},
 {"company_id":61226, "company_address_id":18578, "ward_id":167, "province_id":1, "district_id":5, "street":"FPT Building C\u1ea7u Gi\u1ea5y, 17 ph\u1ed1 Duy T\u00e2n"},
 {"company_id":62606, "company_address_id":20130, "ward_id":27088, "province_id":79, "district_id":762, "street":"T\u1ea7ng G, 8 v\u00e0 10 T\u00f2a nh\u00e0 Ph\u1ee5 N\u1eef, s\u1ed1 20 Nguy\u1ec5n \u0110\u0103ng Giai"},
 {"company_id":63221, "company_address_id":20619, "ward_id":343, "province_id":1, "district_id":9, "street":"T\u1ea7ng 7, T\u00f2a nh\u00e0 Th\u0103ng Long, S\u1ed1 98A Ng\u1ee5y Nh\u01b0 Kon Tum"},
 {"company_id":64442, "company_address_id":22103, "ward_id":343, "province_id":1, "district_id":9, "street":"43 \u0110. L\u00ea V\u0103n L\u01b0\u01a1ng, Nh\u00e2n Ch\u00ednh, Thanh Xu\u00e2n, H\u00e0 N\u1ed9i"},
 {"company_id":67546, "company_address_id":26434, "ward_id":26776, "province_id":79, "district_id":761, "street":"T\u00f2a nh\u00e0 Saigon ICT, C\u00f4ng Vi\u00ean Ph\u1ea7n M\u1ec1m Quang Trung"},
 {"company_id":70161, "company_address_id":30144, "ward_id":26974, "province_id":79, "district_id":766, "street":"L\u1ea7u 9, Etown 3, 364 C\u1ed9ng H\u00f2a"},
 {"company_id":70890, "company_address_id":31148, "ward_id":27073, "province_id":79, "district_id":768, "street":"244/31 Hu\u1ef3nh V\u0103n B\u00e1nh"},
 {"company_id":71079, "company_address_id":31410, "ward_id":352, "province_id":1, "district_id":9, "street":"Tr\u1ee5 s\u1edf ch\u00ednh t\u1ea1i H\u00e0 N\u1ed9i: T\u1ea7ng 7, S\u1ed1 315 Tr\u01b0\u1eddng Chinh"},
 {"company_id":72403, "company_address_id":33244, "ward_id":27148, "province_id":79, "district_id":770, "street":"Head Office: ST Group - 136/12 V\u01b0\u1eddn Chu\u1ed1i"},
 {"company_id":76377, "company_address_id":38432, "ward_id":26965, "province_id":79, "district_id":766, "street":"S\u1ed1 9-11 \u0110\u01b0\u1eddng \u0110\u1ed1ng \u0110a"},
 {"company_id":76787, "company_address_id":38913, "ward_id":26965, "province_id":79, "district_id":766, "street":"Saigon Aiport Plaza, 01 B\u1ea1ch \u0110\u1eb1ng"},
 {"company_id":78272, "company_address_id":40754, "ward_id":592, "province_id":1, "district_id":19, "street":"B12B-02, khu \u0111\u00f4 th\u1ecb Vinhomes Gardenia, \u0111\u01b0\u1eddng H\u00e0m Nghi"},
 {"company_id":78312, "company_address_id":40802, "ward_id":256, "province_id":1, "district_id":7, "street":"T\u1ea7ng 14, Th\u00e1p A Vincom, 191 B\u00e0 Tri\u1ec7u"},
 {"company_id":79327, "company_address_id":42028, "ward_id":26974, "province_id":79, "district_id":766, "street":"T\u00f2a Nh\u00e0 E-Town, S\u1ed1 364, \u0110\u01b0\u1eddng C\u1ed9ng H\u00f2a"},
 {"company_id":79827, "company_address_id":42599, "ward_id":27139, "province_id":79, "district_id":770, "street":"Estar Building, 147-149 V\u00f5 V\u0103n T\u1ea7n"},
 {"company_id":80787, "company_address_id":43699, "ward_id":8, "province_id":1, "district_id":1, "street":"S\u1ed1 266 \u0110\u01b0\u1eddng \u0110\u1ed9i C\u1ea5n"},
 {"company_id":80858, "company_address_id":47464, "ward_id":26740, "province_id":79, "district_id":760, "street":"T\u00f2a nh\u00e0 The World Center, 46-48-50 Ph\u1ea1m H\u1ed3ng Th\u00e1i"},
 {"company_id":64832, "company_address_id":50143, "ward_id":27064, "province_id":79, "district_id":768, "street":"L\u1ea7u 1, Centre Point Tower, 106 Nguy\u1ec5n V\u0103n Tr\u1ed7i"},
 {"company_id":83675, "company_address_id":50353, "ward_id":82, "province_id":1, "district_id":2, "street":"To\u00e0 nh\u00e0 Sao B\u1eafc, s\u1ed1 4 D\u00e3 T\u01b0\u1ee3ng"},
 {"company_id":55929, "company_address_id":50821, "ward_id":26737, "province_id":79, "district_id":760, "street":"9-11 Nguy\u1ec5n V\u0103n Th\u1ee7"},
 {"company_id":83699, "company_address_id":50839, "ward_id":25, "province_id":1, "district_id":1, "street":"T\u00f2a nh\u00e0 VIT Tower, 519 Kim M\u00e3"},
 {"company_id":83749, "company_address_id":105080, "ward_id":283, "province_id":1, "district_id":7, "street":"Tower 2 Times City, 458 Minh Khai"},
 {"company_id":83765, "company_address_id":105441, "ward_id":27487, "province_id":79, "district_id":778, "street":"T\u1ea7ng 6, Cobi Tower 1, 69 Ho\u00e0ng V\u0103n Th\u00e1i, Ph\u00fa M\u1ef9 H\u01b0ng"},
 {"company_id":83765, "company_address_id":106112, "ward_id":26704, "province_id":77, "district_id":754, "street":"Phu My Industrial Zone"},
 {"company_id":83868, "company_address_id":106254, "ward_id":199, "province_id":1, "district_id":6, "street":"89 L\u00e1ng H\u1ea1"},
 {"company_id":83892, "company_address_id":106380, "ward_id":26746, "province_id":79, "district_id":760, "street":"T\u00f2a nh\u00e0 TNG, s\u1ed1 180-192 Nguy\u1ec5n C\u00f4ng Tr\u1ee9"},
 {"company_id":73654, "company_address_id":106924, "ward_id":27208, "province_id":79, "district_id":772, "street":"T\u1ea7ng 3, The Emporium, 184 \u0111\u01b0\u1eddng L\u00ea \u0110\u1ea1i H\u00e0nh"},
 {"company_id":84011, "company_address_id":107607, "ward_id":172, "province_id":1, "district_id":5, "street":"L\u00f4 D26 Khu \u0111\u00f4 th\u1ecb m\u1edbi C\u1ea7u Gi\u1ea5y"},
 {"company_id":84189, "company_address_id":112200, "ward_id":26974, "province_id":79, "district_id":766, "street":"T\u00f2a nh\u00e0 Etown 2, 364 C\u1ed9ng H\u00f2a"},
 {"company_id":84681, "company_address_id":115558, "ward_id":172, "province_id":1, "district_id":5, "street":"T\u00f2a nh\u00e0 PVI, s\u1ed1 1 Ph\u1ea1m V\u0103n B\u1ea1ch"},
 {"company_id":85190, "company_address_id":116070, "ward_id":172, "province_id":1, "district_id":5, "street":"T\u1ea7ng 7, T\u00f2a CIC, s\u1ed1 1 Nguy\u1ec5n Th\u1ecb Du\u1ec7"},
 {"company_id":85593, "company_address_id":116478, "ward_id":27139, "province_id":79, "district_id":770, "street":"266-268 Nam K\u1ef3 Kh\u1edfi Ngh\u0129a"},
 {"company_id":85604, "company_address_id":116490, "ward_id":26965, "province_id":79, "district_id":766, "street":"60 Tr\u01b0\u1eddng S\u01a1n"},
 {"company_id":86156, "company_address_id":117046, "ward_id":26755, "province_id":79, "district_id":760, "street":"T\u1ea7ng 1-2, 328 V\u00f5 V\u0103n Ki\u1ec7t"},
 {"company_id":86997, "company_address_id":117894, "ward_id":26740, "province_id":79, "district_id":760, "street":"72 L\u00ea Th\u00e1nh T\u00f4n"},
 {"company_id":87137, "company_address_id":118034, "ward_id":217, "province_id":1, "district_id":6, "street":"T\u1ea7ng 2, T\u00f2a Lecapitole 27 Th\u00e1i Th\u1ecbnh"},
 {"company_id":87926, "company_address_id":118830, "ward_id":27265, "province_id":79, "district_id":773, "street":"S\u1ed1 384 Ho\u00e0ng Di\u1ec7u"},
 {"company_id":88386, "company_address_id":119292, "ward_id":26734, "province_id":79, "district_id":760, "street":"41A Nguy\u1ec5n Phi Khanh"},
 {"company_id":88684, "company_address_id":119593, "ward_id":187, "province_id":1, "district_id":6, "street":"TNR Tower, S\u1ed1 54A Nguy\u1ec5n Ch\u00ed Thanh"},
 {"company_id":88817, "company_address_id":119726, "ward_id":625, "province_id":1, "district_id":19, "street":"T\u1ea7ng 1 - 2 - 6, Sunshine Center, 16 \u0110\u01b0\u1eddng Pham Hung"},
 {"company_id":89389, "company_address_id":120304, "ward_id":20233, "province_id":48, "district_id":492, "street":"T\u1ea7ng 17 Danang Software Park, 02 Quang Trung"},
 {"company_id":91783, "company_address_id":121655, "ward_id":7, "province_id":1, "district_id":1, "street":"T\u1ea7ng 27 t\u00f2a \u0110\u00f4ng, Lotte Center H\u00e0 N\u1ed9i, 54 Li\u1ec5u Giai"},
 {"company_id":91848, "company_address_id":122452, "ward_id":26737, "province_id":79, "district_id":760, "street":"170 Hai B\u00e0 Tr\u01b0ng"},
 {"company_id":91848, "company_address_id":122495, "ward_id":190, "province_id":1, "district_id":6, "street":"36 Ho\u00e0ng C\u1ea7u"},
 {"company_id":63904, "company_address_id":122780, "ward_id":20227, "province_id":48, "district_id":492, "street":"346 \u0110\u01b0\u1eddng 2/9"},
 {"company_id":91900, "company_address_id":122894, "ward_id":26965, "province_id":79, "district_id":766, "street":"Ph\u00f2ng 408 l\u1ea7u 4 - Khu B T\u00f2a nh\u00e0 WASECO, S\u1ed1 10 Ph\u1ed5 Quang"},
 {"company_id":63904, "company_address_id":125291, "ward_id":26971, "province_id":79, "district_id":766, "street":"123 C\u00f4\u0323ng Ho\u0300a"},
 {"company_id":63904, "company_address_id":125293, "ward_id":26965, "province_id":79, "district_id":766, "street":"02 T\u1ea3n Vi\u00ean"},
 {"company_id":63904, "company_address_id":125296, "ward_id":27139, "province_id":79, "district_id":770, "street":"384/60 Nam K\u1ef3 Kh\u1edfi Ngh\u0129a"},
 {"company_id":85748, "company_address_id":126363, "ward_id":27049, "province_id":79, "district_id":768, "street":"43 H\u1ed3 V\u0103n Hu\u00ea"},
 {"company_id":61226, "company_address_id":128175, "ward_id":26836, "province_id":79, "district_id":762, "street":"T\u00f2a nh\u00e0 FTown - L\u00f4 T2, \u0111\u01b0\u1eddng D1, khu CNC"},
 {"company_id":92209, "company_address_id":128956, "ward_id":26749, "province_id":79, "district_id":760, "street":"343 Ph\u1ea1m Ng\u0169 L\u00e3o"},
 {"company_id":83765, "company_address_id":129715, "ward_id":26494, "province_id":75, "district_id":742, "street":"Nhon Trach Industrial Zone"},
 {"company_id":61226, "company_address_id":129817, "ward_id":20290, "province_id":48, "district_id":494, "street":"FPT Complex Building, Nam K\u1ef3 Kh\u1edfi Ngh\u0129a"},
 {"company_id":85437, "company_address_id":130458, "ward_id":631, "province_id":1, "district_id":19, "street":"T\u1ea7ng 32 & 34, t\u00f2a nh\u00e0 Keangnam Landmark 72, Ph\u1ea1m H\u00f9ng"},
 {"company_id":92332, "company_address_id":130916, "ward_id":26953, "province_id":79, "district_id":765, "street":"AP Tower, 518B \u0110i\u1ec7n Bi\u00ean Ph\u1ee7"},
 {"company_id":92338, "company_address_id":130953, "ward_id":0, "province_id":79, "district_id":768, "street":"VP t\u1ea1i ph\u01b0\u1eddng 10"},
 {"company_id":68206, "company_address_id":131262, "ward_id":27466, "province_id":79, "district_id":778, "street":"\u0110\u01b0\u1eddng S\u00e1ng T\u1ea1o, KCX T\u00e2n Thu\u1eadn"},
 {"company_id":68206, "company_address_id":131269, "ward_id":631, "province_id":1, "district_id":19, "street":"Landmark 72, E6 Ph\u1ea1m H\u00f9ng"},
 {"company_id":92367, "company_address_id":131335, "ward_id":27139, "province_id":79, "district_id":770, "street":"S\u1ed1 2 Tr\u01b0\u01a1ng Quy\u1ec1n"},
 {"company_id":92369, "company_address_id":131337, "ward_id":631, "province_id":1, "district_id":19, "street":"T\u1ea7ng 44 - 45 Keangnam Landmark"},
 {"company_id":92398, "company_address_id":131810, "ward_id":355, "province_id":1, "district_id":9, "street":"T\u1ea7ng 3 T\u00f2a A GoldSeason, 47 Nguy\u1ec5n Tu\u00e2n"},
 {"company_id":92534, "company_address_id":134262, "ward_id":247, "province_id":1, "district_id":7, "street":"Ph\u00f2ng 301 v\u00e0 101, S\u1ed1 nh\u00e0 03 L\u00ea V\u0103n H\u01b0u"},
 {"company_id":84093, "company_address_id":134534, "ward_id":27316, "province_id":79, "district_id":774, "street":"308 Tr\u1ea7n Ph\u00fa"},
 {"company_id":70161, "company_address_id":135272, "ward_id":256, "province_id":1, "district_id":7, "street":"T\u00f2a nh\u00e0 Gelex, 52 L\u00ea \u0110\u1ea1i H\u00e0nh"},
 {"company_id":72403, "company_address_id":135444, "ward_id":199, "province_id":1, "district_id":6, "street":"Ha Noi Office: ST Building - S\u1ed1 3, Ng\u00f5 18, \u0110\u01b0\u1eddng Y\u00ean L\u00e3ng"},
 {"company_id":92615, "company_address_id":135681, "ward_id":355, "province_id":1, "district_id":9, "street":"T\u1ea7ng 7, t\u00f2a A_B Imperia Garden 203, Nguy\u1ec5n Huy T\u01b0\u1edfng"},
 {"company_id":92640, "company_address_id":135949, "ward_id":26965, "province_id":79, "district_id":766, "street":"L\u1ea7u 1, T\u00f2a nh\u00e0 Cao Minh, 324 L\u00ea V\u0103n S\u1ef9"},
 {"company_id":84508, "company_address_id":137471, "ward_id":26740, "province_id":79, "district_id":760, "street":"91 Pasteur"},
 {"company_id":92829, "company_address_id":140258, "ward_id":26968, "province_id":79, "district_id":766, "street":"T\u00f2a nh\u00e0 Repblic Plaza, 18E C\u1ed9ng H\u00f2a"},
 {"company_id":83734, "company_address_id":140471, "ward_id":26971, "province_id":79, "district_id":766, "street":"S\u1ed1 44, \u0110\u01b0\u1eddng B6"},
 {"company_id":61226, "company_address_id":141550, "ward_id":21595, "province_id":52, "district_id":540, "street":"FPT Software Quy Nh\u01a1n- To\u0300a nha\u0300 B1, \u0110a\u0323i L\u00f4\u0323 Khoa ho\u0323c"},
 {"company_id":88684, "company_address_id":141563, "ward_id":26746, "province_id":79, "district_id":760, "street":"TNR Tower, 180-192 Nguy\u1ec5n C\u00f4ng Tr\u1ee9"},
 {"company_id":88647, "company_address_id":141852, "ward_id":27466, "province_id":79, "district_id":778, "street":"T\u00f2a Nh\u00e0 A5, L\u00f4 s\u1ed1 A5, Khu E-Office, \u0110\u01b0\u1eddng S\u00e1ng T\u1ea1o, KCX T\u00e2n Thu\u1eadn"},
 {"company_id":92908, "company_address_id":141941, "ward_id":172, "province_id":1, "district_id":5, "street":"T\u1ea7ng 4 - T\u00f2a V4, Chung c\u01b0 Homecity, 177 Trung K\u00ednh"},
 {"company_id":92771, "company_address_id":142161, "ward_id":26965, "province_id":79, "district_id":766, "street":"T\u1ea7ng 17, T\u00f2a nh\u00e0 TTC, 253 Ho\u00e0ng V\u0103n Th\u1ee5"},
 {"company_id":92937, "company_address_id":142407, "ward_id":0, "province_id":79, "district_id":0, "street":"H\u1ed3 Ch\u00ed Minh"},
 {"company_id":92969, "company_address_id":143315, "ward_id":0, "province_id":1, "district_id":6, "street":"T\u1ea7ng 25, T\u00f2a nh\u00e0 VPBank 89 L\u00e1ng H\u1ea1"},
 {"company_id":85578, "company_address_id":143903, "ward_id":27139, "province_id":79, "district_id":770, "street":"6F, 40 Ph\u1ea1m Ng\u1ecdc Th\u1ea1ch"},
 {"company_id":88128, "company_address_id":144053, "ward_id":626, "province_id":1, "district_id":19, "street":"T\u00e2\u0300ng 7 \u2013 t\u00f2a nh\u00e0 Golden Field, 24 Ph\u1ed1 Nguy\u1ec5n C\u01a1 Th\u1ea1ch"},
 {"company_id":93012, "company_address_id":144455, "ward_id":26974, "province_id":79, "district_id":766, "street":"S\u1ed1 4 N\u00fai Th\u00e0nh"},
 {"company_id":92937, "company_address_id":144509, "ward_id":0, "province_id":1, "district_id":0, "street":"H\u00e0 N\u1ed9i"},
 {"company_id":93582, "company_address_id":145548, "ward_id":19, "province_id":1, "district_id":1, "street":"T\u1ea7ng 6 - T\u00f2a nh\u00e0 s\u1ed1 5 \u0110i\u1ec7n Bi\u00ean Ph\u1ee7"},
 {"company_id":55771, "company_address_id":146228, "ward_id":355, "province_id":1, "district_id":9, "street":"T\u00f2a nh\u00e0 Imperia Garden, S\u1ed1 203 Nguy\u1ec5n Huy T\u01b0\u1edfng"},
 {"company_id":85784, "company_address_id":146724, "ward_id":27091, "province_id":79, "district_id":762, "street":"311G07, \u0110\u01b0\u1eddng s\u1ed1 8, Khu ph\u1ed1 1"},
 {"company_id":86156, "company_address_id":146768, "ward_id":199, "province_id":1, "district_id":6, "street":"V\u0103n ph\u00f2ng \u0111\u1ea1i di\u1ec7n: Ph\u00f2ng 3, t\u1ea7ng 5, t\u00f2a nh\u00e0 S\u00f4ng H\u1ed3ng, 165 Th\u00e1i H\u00e0"},
 {"company_id":67320, "company_address_id":147772, "ward_id":637, "province_id":1, "district_id":19, "street":"T\u1ea7ng 14, 16, 18, 19 & 20, Viwaseen Tower, s\u1ed1 48 T\u1ed1 H\u1eefu"},
 {"company_id":93634, "company_address_id":147898, "ward_id":20266, "province_id":48, "district_id":493, "street":"45 Nguy\u1ec5n H\u1eefu An"},
 {"company_id":83682, "company_address_id":148390, "ward_id":172, "province_id":1, "district_id":5, "street":"V\u0103n ph\u00f2ng H\u00e0 N\u1ed9i: T\u1ea7ng 9-10, t\u00f2a nh\u00e0 Th\u00e1i Nam, \u0111\u01b0\u1eddng D\u01b0\u01a1ng \u0110\u00ecnh  Ngh\u1ec7"},
 {"company_id":83682, "company_address_id":148391, "ward_id":20260, "province_id":48, "district_id":495, "street":"V\u0103n ph\u00f2ng \u0110\u00e0 N\u1eb5ng: T\u1ea7ng 8, T\u00f2a nh\u00e0 Mobifone, s\u1ed1 586 Nguy\u1ec5n H\u1eefu  Th\u1ecd"},
 {"company_id":93687, "company_address_id":149113, "ward_id":58, "province_id":1, "district_id":2, "street":"H\u1ed9i s\u1edf ch\u00ednh: S\u1ed1 2 Ng\u00f4 Quy\u1ec1n"},
 {"company_id":61244, "company_address_id":149230, "ward_id":217, "province_id":1, "district_id":6, "street":"S\u1ed1 18, ng\u00f5 11 Th\u00e1i H\u00e0"},
 {"company_id":87151, "company_address_id":150228, "ward_id":0, "province_id":1, "district_id":19, "street":"34F, Keangnam Landmark 72, E6 \u0110\u01b0\u1eddng Ph\u1ea1m H\u00f9ng"},
 {"company_id":61226, "company_address_id":150236, "ward_id":166, "province_id":1, "district_id":5, "street":"FPT Tower - 10 P. Ph\u1ea1m V\u0103n B\u1ea1ch"},
 {"company_id":83749, "company_address_id":150316, "ward_id":26737, "province_id":79, "district_id":760, "street":"T\u1ea7ng 9 t\u00f2a nh\u00e0 Five Star Tower, 28 Bis M\u1ea1c \u0110\u0129nh Chi"},
 {"company_id":86774, "company_address_id":151009, "ward_id":26776, "province_id":79, "district_id":761, "street":"T\u00f2a nh\u00e0 Hose, L\u00f4 32A, \u0111\u01b0\u1eddng 3, C\u00f4ng vi\u00ean Ph\u1ea7n m\u1ec1m Quang Trung"},
 {"company_id":92937, "company_address_id":151294, "ward_id":0, "province_id":48, "district_id":0, "street":"\u0110\u00e0 N\u1eb5ng"},
 {"company_id":93794, "company_address_id":152458, "ward_id":136, "province_id":1, "district_id":4, "street":"H\u00e0 N\u1ed9i: T\u00f2a nh\u00e0 v\u0103n ph\u00f2ng Symphony, \u0110\u01b0\u1eddng Chu Huy M\u00e2n, Khu \u0111\u00f4 th\u1ecb sinh th\u00e1i Vinhomes Riverside"},
 {"company_id":93794, "company_address_id":152459, "ward_id":577, "province_id":1, "district_id":18, "street":"H\u00e0 N\u1ed9i: T\u00f2a nh\u00e0 v\u0103n ph\u00f2ng TechnoPark, K\u0110T Vinhomes Ocean Park,"},
 {"company_id":93797, "company_address_id":152627, "ward_id":26920, "province_id":79, "district_id":765, "street":"T\u00f2a nh\u00e0 C\u00e1t L\u00e2m, S\u1ed1 663-665, \u0110\u01b0\u1eddng \u0110i\u1ec7n Bi\u00ean Ph\u1ee7"},
 {"company_id":93687, "company_address_id":154481, "ward_id":27004, "province_id":79, "district_id":766, "street":"180 B\u00e0u C\u00e1t"},
 {"company_id":61226, "company_address_id":156404, "ward_id":26833, "province_id":79, "district_id":762, "street":"F-Town 3, V\u00f5 Ch\u00ed C\u00f4ng"},
 {"company_id":93864, "company_address_id":157022, "ward_id":172, "province_id":1, "district_id":5, "street":"T\u1ea7ng 14, Richy Tower"},
 {"company_id":92640, "company_address_id":159114, "ward_id":20233, "province_id":48, "district_id":492, "street":"T\u00f2a Nh\u00e0 Vi\u1ec7t Building, 199 \u0110\u1ed1ng \u0110a"},
 {"company_id":55771, "company_address_id":160333, "ward_id":26956, "province_id":79, "district_id":765, "street":"180/77/15 Nguy\u1ec5n H\u1eefu C\u1ea3nh"},
 {"company_id":85578, "company_address_id":161157, "ward_id":20278, "province_id":48, "district_id":493, "street":"6F, 100 Tr\u1ea7n H\u01b0ng \u0110\u1ea1o"},
 {"company_id":93941, "company_address_id":164287, "ward_id":26827, "province_id":79, "district_id":762, "street":"TM22 S\u1ed1 01"},
 {"company_id":93954, "company_address_id":165255, "ward_id":26734, "province_id":79, "district_id":760, "street":"MPlaza, No. 33 L\u00ea Du\u1ea9n"},
 {"company_id":84011, "company_address_id":165927, "ward_id":167, "province_id":1, "district_id":5, "street":"T\u00f2a nh\u00e0 Th\u00e1i B\u00ecnh, Ng\u00f5 19 Duy T\u00e2n"},
 {"company_id":93794, "company_address_id":166959, "ward_id":27088, "province_id":79, "district_id":762, "street":"TP H\u1ed3 Ch\u00ed Minh: TTTM Vincom Mega Mall, 159 XL H\u00e0 N\u1ed9i"},
 {"company_id":93985, "company_address_id":167326, "ward_id":172, "province_id":1, "district_id":5, "street":"Central Point, 219 Trung K\u00ednh"},
 {"company_id":94001, "company_address_id":168431, "ward_id":631, "province_id":1, "district_id":19, "street":"T\u1ea7ng 15, t\u00f2a Keangnam Landmark 72"},
 {"company_id":94001, "company_address_id":168446, "ward_id":11611, "province_id":31, "district_id":312, "street":"T\u1ea7ng 4, to\u00e0 nh\u00e0 Youngjin E&C H\u1ea3i Ph\u00f2ng, KCN Tr\u00e0ng Du\u1ec7"},
 {"company_id":94020, "company_address_id":169476, "ward_id":26956, "province_id":79, "district_id":765, "street":"12th Floor, Opal Tower 92 Nguyen Huu Canh Street, Ward 22, Binh Thanh District, Ho Chi Minh city, Vietnam"},
 {"company_id":94023, "company_address_id":169796, "ward_id":26749, "province_id":79, "district_id":760, "street":"189 Nguy\u1ec5n Th\u1ecb Minh Khai"},
 {"company_id":94027, "company_address_id":170034, "ward_id":26737, "province_id":79, "district_id":760, "street":"VNO building, 124 \u0110i\u1ec7n Bi\u00ean Ph\u1ee7"},
 {"company_id":94034, "company_address_id":170288, "ward_id":27139, "province_id":79, "district_id":770, "street":"115 V\u00f5 V\u0103n T\u1ea7n, ph\u01b0\u1eddng V\u00f5 Th\u1ecb S\u00e1u, Qu\u1eadn 3, TPHCM"},
 {"company_id":72241, "company_address_id":170390, "ward_id":26809, "province_id":79, "district_id":762, "street":"21 \u0110\u01b0\u1eddng 37, KNO \u0110\u00f4ng Nam, KP 5, P.Hi\u1ec7p B\u00ecnh Ph\u01b0\u1edbc,TP. Th\u1ee7 \u0110\u1ee9c, HCM"},
 {"company_id":94056, "company_address_id":171546, "ward_id":26746, "province_id":79, "district_id":760, "street":"T\u1ea7ng 06, S\u1ed1 164-166 Nguy\u1ec5n C\u00f4ng Tr\u1ee9"},
 {"company_id":84011, "company_address_id":172304, "ward_id":626, "province_id":1, "district_id":19, "street":"T\u00f2a nh\u00e0 Viettel, s\u1ed1 1 Tr\u1ea7n H\u1eefu D\u1ef1c"},
 {"company_id":84011, "company_address_id":172305, "ward_id":27172, "province_id":79, "district_id":771, "street":"T\u00f2a nh\u00e0 Viettel Complex, S\u1ed1 285 \u0111\u01b0\u1eddng C\u00e1ch M\u1ea1ng Th\u00e1ng T\u00e1m"},
 {"company_id":93941, "company_address_id":172556, "ward_id":26965, "province_id":79, "district_id":766, "street":"9 S\u00f4ng Nhu\u1ec7"},
 {"company_id":93941, "company_address_id":172560, "ward_id":27109, "province_id":79, "district_id":762, "street":"V\u0103n ph\u00f2ng \u0111\u1ea1i di\u1ec7n: S\u1ed1 63 \u0110\u01b0\u1eddng 37-CL"},
 {"company_id":94067, "company_address_id":172584, "ward_id":26737, "province_id":79, "district_id":760, "street":"18 \u0110inh Ti\u00ean Ho\u00e0ng"},
 {"company_id":94093, "company_address_id":174342, "ward_id":175, "province_id":1, "district_id":5, "street":"S\u1ed1 189A Nguy\u1ec5n Ng\u1ecdc V\u0169, Trung H\u00f2a, C\u1ea7u Gi\u1ea5y, H\u00e0 N\u1ed9i"},
 {"company_id":93941, "company_address_id":174383, "ward_id":26827, "province_id":79, "district_id":762, "street":"Lavita Charm, \u0111\u01b0\u1eddng s\u1ed1 1"},
 {"company_id":92833, "company_address_id":175382, "ward_id":27061, "province_id":79, "district_id":768, "street":""},
 {"company_id":72403, "company_address_id":175817, "ward_id":27148, "province_id":79, "district_id":770, "street":"\u0110\u01b0\u1eddng \u0110i\u1ec7n Bi\u00ean Ph\u1ee7"},
 {"company_id":94125, "company_address_id":177619, "ward_id":355, "province_id":1, "district_id":9, "street":"35 L\u00ea V\u0103n Thi\u00eam"},
 {"company_id":94126, "company_address_id":177627, "ward_id":631, "province_id":1, "district_id":19, "street":"T\u1ea7ng 3 T\u00f2a nh\u00e0 The Sun, \u0110\u01b0\u1eddng M\u1ec5 Tr\u00ec"},
 {"company_id":94170, "company_address_id":179974, "ward_id":26740, "province_id":79, "district_id":760, "street":"Vietcombank Tower, 18th & 19th floor, 05 Cong Truong Me Linh"},
 {"company_id":86774, "company_address_id":180309, "ward_id":19789, "province_id":46, "district_id":474, "street":"28 Nguy\u1ec5n Tri Ph\u01b0\u01a1ng"},
 {"company_id":94186, "company_address_id":181081, "ward_id":26974, "province_id":79, "district_id":766, "street":"Mitalab Tower, 385 C\u1ed9ng H\u00f2a"},
 {"company_id":83734, "company_address_id":181154, "ward_id":26968, "province_id":79, "district_id":766, "street":"16-18 XUAN DIEU"},
 {"company_id":94199, "company_address_id":181301, "ward_id":26965, "province_id":79, "district_id":766, "street":"253 Ho\u00e0ng V\u0103n Th\u1ee5"},
 {"company_id":84168, "company_address_id":183094, "ward_id":27088, "province_id":79, "district_id":762, "street":"14E2 Th\u1ea3o \u0110i\u1ec1n"},
 {"company_id":94296, "company_address_id":185725, "ward_id":343, "province_id":1, "district_id":9, "street":"T\u1ea7ng 11, t\u00f2a nh\u00e0 Diamond, 48 L\u00ea V\u0103n L\u01b0\u01a1ng"},
 {"company_id":94319, "company_address_id":186338, "ward_id":172, "province_id":1, "district_id":5, "street":"T\u1ea7ng 1, CIC Tower, s\u1ed1 1 Nguy\u1ec5n Th\u1ecb Du\u1ec7"},
 {"company_id":94336, "company_address_id":187007, "ward_id":26920, "province_id":79, "district_id":765, "street":"Melody 2 Tower, N1 \u0110. \u0110i\u1ec7n Bi\u00ean Ph\u1ee7"},
 {"company_id":94347, "company_address_id":187661, "ward_id":26920, "province_id":79, "district_id":765, "street":"L\u1ea7u 6, Bcons Tower II, 42/1 Ung V\u0103n Khi\u00eam"},
 {"company_id":84011, "company_address_id":187929, "ward_id":28, "province_id":1, "district_id":1, "street":"S\u1ed1 1 Giang V\u0103n Minh"},
 {"company_id":94384, "company_address_id":189332, "ward_id":27487, "province_id":79, "district_id":778, "street":"Office 906, Paragon Building, 3 Nguy\u1ec5n L\u01b0\u01a1ng B\u1eb1ng"},
 {"company_id":94409, "company_address_id":190550, "ward_id":26974, "province_id":79, "district_id":766, "street":"596 C\u1ed9ng H\u00f2a"},
 {"company_id":94416, "company_address_id":190949, "ward_id":26740, "province_id":79, "district_id":760, "street":"Unit 1505, Mplaza, Ben Nghe Ward, District 1, HCMC"},
 {"company_id":81961, "company_address_id":191600, "ward_id":26740, "province_id":79, "district_id":760, "street":"Floor 19, Bitexco Financial Tower, 02 H\u1ea3i Tri\u1ec1u"},
 {"company_id":94450, "company_address_id":192778, "ward_id":11411, "province_id":31, "district_id":306, "street":"B\u00e1n \u0111\u1ea3o \u0110\u00ecnh V\u0169 thu\u1ed9c khu kinh t\u1ebf \u0110\u00ecnh V\u0169 - C\u00e1t H\u1ea3i"},
 {"company_id":94452, "company_address_id":192961, "ward_id":26953, "province_id":79, "district_id":765, "street":"720A \u0110i\u1ec7n Bi\u00ean Ph\u1ee7"},
 {"company_id":84011, "company_address_id":193519, "ward_id":10000, "province_id":1, "district_id":276, "street":"To\u00e0 nh\u00e0 Viettel, Khu C\u00f4ng ngh\u1ec7 cao Ho\u00e0 L\u1ea1c"},
 {"company_id":84011, "company_address_id":193578, "ward_id":103, "province_id":1, "district_id":3, "street":"S\u1ed1 380 L\u1ea1c Long Qu\u00e2n"},
 {"company_id":84011, "company_address_id":193579, "ward_id":631, "province_id":1, "district_id":19, "street":"T\u00f2a Keangnam Landmark 72 t\u1ea7ng, \u0111\u01b0\u1eddng Ph\u1ea1m H\u00f9ng"},
 {"company_id":94501, "company_address_id":194440, "ward_id":9184, "province_id":27, "district_id":256, "street":"30 L\u00fd Th\u00e1i T\u1ed5"},
 {"company_id":61226, "company_address_id":194664, "ward_id":0, "province_id":1, "district_id":276, "street":"F-Ville2, Hoa Lac High Tech Park, Thang Long Road"},
 {"company_id":91783, "company_address_id":194835, "ward_id":26740, "province_id":79, "district_id":760, "street":"T\u00f2a nh\u00e0 Bitexco, Ho Chi Minh City"},
 {"company_id":94534, "company_address_id":196222, "ward_id":0, "province_id":9999999, "district_id":0, "street":"Mid Valley City, No. 1, Medan Syed Putra Utara, 59200 Kuala Lumpur, Malaysia"},
 {"company_id":94319, "company_address_id":196250, "ward_id":14794, "province_id":38, "district_id":380, "street":"T\u1ea7ng 2, T\u00f2a nh\u00e0 Louis Apartment, s\u1ed1 30 \u0110\u1ea1i L\u1ed9 L\u00ea L\u1ee3i"},
 {"company_id":50612, "company_address_id":196483, "ward_id":0, "province_id":79, "district_id":770, "street":"Qu\u1eadn 3, H\u1ed3 Ch\u00ed Minh"},
 {"company_id":94020, "company_address_id":196541, "ward_id":27091, "province_id":79, "district_id":762, "street":"The Sun Avenue 28 Mai Ch\u00ed Th\u1ecd, An Ph\u00fa, Qu\u1eadn 2"},
 {"company_id":94549, "company_address_id":196687, "ward_id":27169, "province_id":79, "district_id":771, "street":"MM18 Tr\u01b0\u1eddng S\u01a1n"},
 {"company_id":94578, "company_address_id":197982, "ward_id":27115, "province_id":79, "district_id":762, "street":"Sari town, s\u1ed1 16 \u0111\u01b0\u1eddng s\u1ed1 5"},
 {"company_id":80858, "company_address_id":198236, "ward_id":26737, "province_id":79, "district_id":760, "street":"T\u00f2a nh\u00e0 Lim 3 Tower, 29A Nguy\u1ec5n \u0110\u00ecnh Chi\u1ec3u"},
 {"company_id":94312, "company_address_id":198347, "ward_id":27487, "province_id":79, "district_id":778, "street":"T\u00f2a nh\u00e0 COBI TOWER 1, S\u1ed1 69 Ho\u00e0ng V\u0103n Th\u00e1i"},
 {"company_id":94615, "company_address_id":198848, "ward_id":27487, "province_id":79, "district_id":778, "street":"Villa A4.2, Khu d\u00e2n c\u01b0 EverRich 3, \u0111\u01b0\u1eddng Ph\u00fa Thu\u1eadn"},
 {"company_id":94617, "company_address_id":198866, "ward_id":26737, "province_id":79, "district_id":760, "street":"Remote in Vietnam"},
 {"company_id":94615, "company_address_id":198876, "ward_id":626, "province_id":1, "district_id":19, "street":"NamiTech - Hanoi site: Room 313, t\u1ea7ng 3 - Dreamland Bonanza Building, 23 Duy T\u00e2n"},
 {"company_id":94640, "company_address_id":199574, "ward_id":27430, "province_id":79, "district_id":776, "street":"44-46 \u0110\u01b0\u1eddng s\u1ed1 12, An D\u01b0\u01a1ng V\u01b0\u01a1ng (G\u1ea7n B\u1ebfn Ph\u00fa \u0110\u1ecbnh )"},
 {"company_id":94657, "company_address_id":200141, "ward_id":25760, "province_id":74, "district_id":718, "street":"S\u1ed1 02, \u0110\u01b0\u1eddng Ti\u00ean Phong 03, Khu C\u00f4ng ngh\u1ec7 cao Maple Tree"},
 {"company_id":84681, "company_address_id":200325, "ward_id":9217, "province_id":27, "district_id":258, "street":"SEV (khu c\u00f4ng nghi\u1ec7p Y\u00ean Phong, B\u1eafc Ninh)"},
 {"company_id":94669, "company_address_id":200542, "ward_id":26740, "province_id":79, "district_id":760, "street":"T\u1ea7ng 25, T\u00f2a nh\u00e0 Lim Tower, 9 - 11 T\u00f4n \u0110\u1ee9c Th\u1eafng"},
 {"company_id":87151, "company_address_id":200740, "ward_id":631, "province_id":1, "district_id":19, "street":"33F, Keangnam Hanoi Landmark 72, Ph\u1ea1m H\u00f9ng"},
 {"company_id":94683, "company_address_id":200867, "ward_id":355, "province_id":1, "district_id":9, "street":"NTT03, Line 1, Th\u1ed1ng Nh\u1ea5t Complex, 82 Nguy\u1ec5n Tu\u00e2n"},
 {"company_id":94690, "company_address_id":201102, "ward_id":172, "province_id":1, "district_id":5, "street":"T\u1ea7ng 10, t\u00f2a nh\u00e0 Richy, t\u1ed5 44"},
 {"company_id":93687, "company_address_id":201683, "ward_id":0, "province_id":1, "district_id":0, "street":""},
 {"company_id":94712, "company_address_id":201870, "ward_id":0, "province_id":9999, "district_id":0, "street":"Remote"},
 {"company_id":94715, "company_address_id":201906, "ward_id":235, "province_id":1, "district_id":6, "street":"To\u00e0 Mipec 229 T\u00e2y S\u01a1n"},
 {"company_id":94718, "company_address_id":201971, "ward_id":26926, "province_id":79, "district_id":765, "street":"8Bis Ho\u00e0ng Hoa Th\u00e1m"},
 {"company_id":94720, "company_address_id":201988, "ward_id":27157, "province_id":79, "district_id":770, "street":"19 Cao Th\u1eafng"},
 {"company_id":94730, "company_address_id":202208, "ward_id":20200, "province_id":48, "district_id":490, "street":"L\u00f4 27 khu E, \u0110\u01b0\u1eddng Nguy\u1ec5n Sinh S\u1eafc"},
 {"company_id":94731, "company_address_id":202225, "ward_id":349, "province_id":1, "district_id":9, "street":"46 \u0111\u01b0\u1eddng V\u01b0\u01a1ng Th\u1eeba V\u0169"},
 {"company_id":94733, "company_address_id":202264, "ward_id":355, "province_id":1, "district_id":9, "street":"S\u1ed1 1 Nguy\u1ec5n Huy T\u01b0\u1edfng"},
 {"company_id":85604, "company_address_id":202267, "ward_id":26965, "province_id":79, "district_id":766, "street":"Y\u00ean Th\u1ebf"},
 {"company_id":94736, "company_address_id":202363, "ward_id":13, "province_id":1, "district_id":1, "street":"S\u1ed1 75 ph\u1ed1 Y\u00ean Ninh"},
 {"company_id":83868, "company_address_id":202371, "ward_id":26740, "province_id":79, "district_id":760, "street":"T\u00f2a nh\u00e0 The Nexus, 3A-3B T\u00f4n \u0110\u1ee9c Th\u1eafng"},
 {"company_id":55771, "company_address_id":202386, "ward_id":355, "province_id":1, "district_id":9, "street":"Imperia Garden 143 Nguy\u1ec5n Tu\u00e2n"},
 {"company_id":94737, "company_address_id":202403, "ward_id":27088, "province_id":79, "district_id":762, "street":"14E17 Th\u1ea3o \u0110i\u1ec1n"},
 {"company_id":94527, "company_address_id":202407, "ward_id":27139, "province_id":79, "district_id":770, "street":"203 Nam K\u1ef3 Kh\u1edfi Ngh\u0129a,"},
 {"company_id":94738, "company_address_id":202419, "ward_id":27223, "province_id":79, "district_id":772, "street":"180/41 L\u1ea1c Long Qu\u00e2n"},
 {"company_id":94739, "company_address_id":202428, "ward_id":26956, "province_id":79, "district_id":765, "street":"T\u1ea7ng 28, Opal Tower, 92 Nguy\u1ec5n H\u1eefu C\u1ea3nh"},
 {"company_id":58023, "company_address_id":202456, "ward_id":26806, "province_id":79, "district_id":762, "street":"563 T\u00f4 Ng\u1ecdc V\u00e2n"},
 {"company_id":94027, "company_address_id":202472, "ward_id":0, "province_id":1, "district_id":3, "street":"."},
 {"company_id":94027, "company_address_id":202473, "ward_id":0, "province_id":48, "district_id":492, "street":"."},
 {"company_id":63221, "company_address_id":202481, "ward_id":172, "province_id":1, "district_id":5, "street":"T\u1ea7ng 25, th\u00e1p C, t\u00f2a nh\u00e0 Central Point, s\u1ed1 219 Ph\u1ed1 Trung K\u00ednh"},
 {"company_id":94669, "company_address_id":202490, "ward_id":27487, "province_id":79, "district_id":778, "street":"11F Cobi Tower 2, s\u1ed1 2-4 \u0110\u01b0\u1eddng S\u1ed1 8"},
 {"company_id":94746, "company_address_id":202514, "ward_id":343, "province_id":1, "district_id":9, "street":"T\u1ea7ng 15, T\u00f2a nh\u00e0 Licogi 13, s\u1ed1 164 Khu\u1ea5t Duy Ti\u1ebfn"},
 {"company_id":94747, "company_address_id":202542, "ward_id":592, "province_id":1, "district_id":19, "street":"T\u1ea7ng 05 t\u00f2a Golden Field 24 Nguy\u1ec5n C\u01a1 Th\u1ea1ch"},
 {"company_id":94748, "company_address_id":202589, "ward_id":27139, "province_id":79, "district_id":770, "street":"43 - 45 T\u00fa X\u01b0\u01a1ng"},
 {"company_id":94534, "company_address_id":202626, "ward_id":0, "province_id":9999999, "district_id":0, "street":"Thailand"},
 {"company_id":68206, "company_address_id":202667, "ward_id":20272, "province_id":48, "district_id":493, "street":"FPT Building, Khu c\u00f4ng nghi\u1ec7p Massda"},
 {"company_id":94749, "company_address_id":202669, "ward_id":26965, "province_id":79, "district_id":766, "street":"1F, Bluesky 3 Tower, Airport Plaza, 1 B\u1ea1ch \u0110\u1eb1ng"},
 {"company_id":94750, "company_address_id":202747, "ward_id":166, "province_id":1, "district_id":5, "street":""},
 {"company_id":94756, "company_address_id":202792, "ward_id":27487, "province_id":79, "district_id":778, "street":"Cobi Tower 2"},
 {"company_id":94726, "company_address_id":202802, "ward_id":26755, "province_id":79, "district_id":760, "street":"208 C\u00f4 B\u1eafc (Halo Building)"},
 {"company_id":94757, "company_address_id":202818, "ward_id":18889, "province_id":44, "district_id":450, "street":"Sa \u0110\u1ed9ng"},
 {"company_id":94760, "company_address_id":202859, "ward_id":26965, "province_id":79, "district_id":766, "street":"40/4 Lam S\u01a1n"},
 {"company_id":94763, "company_address_id":202880, "ward_id":27118, "province_id":79, "district_id":762, "street":"V\u0102N PH\u00d2NG TP. H\u1ed2 CH\u00cd MINH: S\u1ed1 10 Mai Ch\u00ed Th\u1ecd"},
 {"company_id":94763, "company_address_id":202881, "ward_id":20989, "province_id":49, "district_id":517, "street":"V\u0102N PH\u00d2NG THACO CHU LAI: Th\u00f4n 4"},
 {"company_id":94763, "company_address_id":202882, "ward_id":23570, "province_id":64, "district_id":622, "street":"V\u0102N PH\u00d2NG GIA LAI: T\u1ea7ng 9-10-11-12, s\u1ed1 15 Tr\u01b0\u1eddng Chinh"},
 {"company_id":94764, "company_address_id":202937, "ward_id":167, "province_id":1, "district_id":5, "street":"IPH 241 Xu\u00e2n Th\u1ee7y"},
 {"company_id":61226, "company_address_id":202970, "ward_id":0, "province_id":31, "district_id":0, "street":"."},
 {"company_id":61226, "company_address_id":202971, "ward_id":0, "province_id":1, "district_id":4, "street":"."},
 {"company_id":71079, "company_address_id":202972, "ward_id":27067, "province_id":79, "district_id":768, "street":"Chi nh\u00e1nh t\u1ea1i TP. H\u1ed3 Ch\u00ed Minh: T\u1ea7ng 8, s\u1ed1 82 Tr\u1ea7n Huy Li\u1ec7u"},
 {"company_id":94768, "company_address_id":203019, "ward_id":26875, "province_id":79, "district_id":764, "street":"274/44 Nguy\u1ec5n V\u0103n L\u01b0\u1ee3ng"},
 {"company_id":94770, "company_address_id":203058, "ward_id":22357, "province_id":56, "district_id":568, "street":"01 V\u0169 L\u0103ng"},
 {"company_id":94020, "company_address_id":203062, "ward_id":26920, "province_id":79, "district_id":765, "street":"19-21 T\u00e2n C\u1ea3ng, Vista Building"},
 {"company_id":94751, "company_address_id":203090, "ward_id":26956, "province_id":79, "district_id":765, "street":"VINHOME CENTRAL PARK 1 _ C1"},
 {"company_id":94773, "company_address_id":203167, "ward_id":190, "province_id":1, "district_id":6, "street":"7th floor, Geleximco building, 36 Hoang Cau Street"},
 {"company_id":94774, "company_address_id":203184, "ward_id":0, "province_id":79, "district_id":762, "street":"T\u00fa X\u01b0\u01a1ng"},
 {"company_id":94319, "company_address_id":203244, "ward_id":27265, "province_id":79, "district_id":773, "street":"Circo Working Space, H3 Building, 1st Floor, 384 \u0110. Ho\u00e0ng Di\u1ec7u"}]