[{"district_id":0, "district_name":"undefined"},
 {"district_id":1, "district_name":"Qu\u1eadn Ba \u0110\u00ecnh"},
 {"district_id":2, "district_name":"Qu\u1eadn Ho\u00e0n Ki\u1ebfm"},
 {"district_id":3, "district_name":"Qu\u1eadn T\u00e2y H\u1ed3"},
 {"district_id":4, "district_name":"Qu\u1eadn Long Bi\u00ean"},
 {"district_id":5, "district_name":"Qu\u1eadn C\u1ea7u Gi\u1ea5y"},
 {"district_id":6, "district_name":"Qu\u1eadn \u0110\u1ed1ng \u0110a"},
 {"district_id":7, "district_name":"Qu\u1eadn Hai B\u00e0 Tr\u01b0ng"},
 {"district_id":9, "district_name":"Qu\u1eadn Thanh Xu\u00e2n"},
 {"district_id":18, "district_name":"Huy\u1ec7n Gia L\u00e2m"},
 {"district_id":19, "district_name":"Qu\u1eadn Nam T\u1eeb Li\u00eam"},
 {"district_id":256, "district_name":"Th\u00e0nh ph\u1ed1 B\u1eafc Ninh"},
 {"district_id":258, "district_name":"Huy\u1ec7n Y\u00ean Phong"},
 {"district_id":276, "district_name":"Huy\u1ec7n Th\u1ea1ch Th\u1ea5t"},
 {"district_id":306, "district_name":"Qu\u1eadn H\u1ea3i An"},
 {"district_id":312, "district_name":"Huy\u1ec7n An D\u01b0\u01a1ng"},
 {"district_id":380, "district_name":"Th\u00e0nh ph\u1ed1 Thanh H\u00f3a"},
 {"district_id":450, "district_name":"Th\u00e0nh Ph\u1ed1 \u0110\u1ed3ng H\u1edbi"},
 {"district_id":474, "district_name":"Th\u00e0nh ph\u1ed1 Hu\u1ebf"},
 {"district_id":490, "district_name":"Qu\u1eadn Li\u00ean Chi\u1ec3u"},
 {"district_id":492, "district_name":"Qu\u1eadn H\u1ea3i Ch\u00e2u"},
 {"district_id":493, "district_name":"Qu\u1eadn S\u01a1n Tr\u00e0"},
 {"district_id":494, "district_name":"Qu\u1eadn Ng\u0169 H\u00e0nh S\u01a1n"},
 {"district_id":495, "district_name":"Qu\u1eadn C\u1ea9m L\u1ec7"},
 {"district_id":517, "district_name":"Huy\u1ec7n N\u00fai Th\u00e0nh"},
 {"district_id":540, "district_name":"Th\u00e0nh ph\u1ed1 Qui Nh\u01a1n"},
 {"district_id":568, "district_name":"Th\u00e0nh ph\u1ed1 Nha Trang"},
 {"district_id":622, "district_name":"Th\u00e0nh ph\u1ed1 Pleiku"},
 {"district_id":718, "district_name":"Th\u00e0nh ph\u1ed1 Th\u1ee7 D\u1ea7u M\u1ed9t"},
 {"district_id":742, "district_name":"Huy\u1ec7n Nh\u01a1n Tr\u1ea1ch"},
 {"district_id":754, "district_name":"Huy\u1ec7n T\u00e2n Th\u00e0nh"},
 {"district_id":760, "district_name":"Qu\u1eadn 1"},
 {"district_id":761, "district_name":"Qu\u1eadn 12"},
 {"district_id":762, "district_name":"Th\u00e0nh ph\u1ed1 Th\u1ee7 \u0110\u1ee9c"},
 {"district_id":764, "district_name":"Qu\u1eadn G\u00f2 V\u1ea5p"},
 {"district_id":765, "district_name":"Qu\u1eadn B\u00ecnh Th\u1ea1nh"},
 {"district_id":766, "district_name":"Qu\u1eadn T\u00e2n B\u00ecnh"},
 {"district_id":768, "district_name":"Qu\u1eadn Ph\u00fa Nhu\u1eadn"},
 {"district_id":770, "district_name":"Qu\u1eadn 3"},
 {"district_id":771, "district_name":"Qu\u1eadn 10"},
 {"district_id":772, "district_name":"Qu\u1eadn 11"},
 {"district_id":773, "district_name":"Qu\u1eadn 4"},
 {"district_id":774, "district_name":"Qu\u1eadn 5"},
 {"district_id":776, "district_name":"Qu\u1eadn 8"},
 {"district_id":778, "district_name":"Qu\u1eadn 7"}]