[{"job_id":2033023, "job_title":"Hanoi-Senior Salesforce Developer_TS040402SrSF", "company_id":92937, "job_level":"Senior", "skill":"Salesforce"},
 {"job_id":2033169, "job_title":"05 Software Engineers (C/C++/C#)", "company_id":91900, "job_level":"Junior, Middle", "skill":"Linux, C++, C#"},
 {"job_id":2033170, "job_title":"Autosar - Embedded Software Engineer - Tester Engineer", "company_id":94690, "job_level":"Middle, Senior", "skill":"Linux, Tester, Automotive, Embedded Engineer, Autosar"},
 {"job_id":2033189, "job_title":"CVCC QU\u1ea2N L\u00dd D\u1ef0 \u00c1N (PROJECT MANAGER/SCRUM MASTER) - KH\u1ed0I C\u00d4NG NGH\u1ec6 TH\u00d4NG TIN & NG\u00c2N H\u00c0NG S\u1ed0", "company_id":85593, "job_level":"Tr\u01b0\u1edfng Nh\u00f3m, Junior, Middle", "skill":"Project Manager, Agile & Scrum, Scrum Master"},
 {"job_id":2033200, "job_title":"System Engineer", "company_id":84681, "job_level":"Senior", "skill":"Linux, AWS, System Engineer"},
 {"job_id":2033204, "job_title":"Senior Mobile Developer (Flutter/IOS/Android/Dart)", "company_id":94023, "job_level":"Senior", "skill":"Android, iOS, Flutter"},
 {"job_id":2033206, "job_title":"Senior Back-end Developer (Golang, NodeJS)", "company_id":94023, "job_level":"Senior", "skill":"NodeJS, Golang, Back-End"},
 {"job_id":2033208, "job_title":"Data Engineer Lead", "company_id":94023, "job_level":"Tr\u01b0\u1edfng Nh\u00f3m", "skill":"AWS, Data Engineer, ETL"},
 {"job_id":2033213, "job_title":".NET Developer", "company_id":61226, "job_level":"Middle, Senior", "skill":"C#, .NET, DevOps"},
 {"job_id":2033230, "job_title":"VTNet - Nh\u00e2n vi\u00ean/chuy\u00ean vi\u00ean qu\u1ea3n tr\u1ecb d\u1eef li\u1ec7u", "company_id":84011, "job_level":"Junior, Middle, Senior", "skill":"Agile, Business Analyst, Waterfall"},
 {"job_id":2033232, "job_title":"VTNet - Nh\u00e2n vi\u00ean ki\u1ec3m so\u00e1t quy tr\u00ecnh (Auditor)", "company_id":84011, "job_level":"Middle, Senior", "skill":"IT Auditor"},
 {"job_id":2033239, "job_title":"Viettel Solution - K\u1ef9 s\u01b0 D\u1eef li\u1ec7u (Junior Data Engineer)", "company_id":84011, "job_level":"Junior", "skill":"Database, Data Engineer, Hadoop"},
 {"job_id":2033241, "job_title":"Viettel Solution - Chuy\u00ean vi\u00ean Qu\u1ea3n l\u00fd s\u1ea3n ph\u1ea9m", "company_id":84011, "job_level":"Senior", "skill":"Agile, Oracle, Product"},
 {"job_id":2033242, "job_title":"Viettel Solution - K\u1ef9 s\u01b0 V\u1eadn h\u00e0nh Khai th\u00e1c", "company_id":84011, "job_level":"Middle, Senior", "skill":"Linux, Database, Network"},
 {"job_id":2033262, "job_title":"Software Developer at Public Bank Securities Vietnam Company Limited", "company_id":93687, "job_level":"Tr\u01b0\u1edfng ph\u00f2ng, Tr\u01b0\u1edfng Nh\u00f3m, Senior", "skill":"Java, Python, Oracle Rac/ SQL Server"},
 {"job_id":2033265, "job_title":"03 Ph\u00e2n t\u00edch nghi\u1ec7p v\u1ee5 (BA - All Levels)", "company_id":50612, "job_level":"Middle", "skill":"Business Analyst"},
 {"job_id":2033266, "job_title":"DevOps Engineer (All Levels)", "company_id":50612, "job_level":"Fresher", "skill":""},
 {"job_id":2033270, "job_title":".NET Developer (All Levels)", "company_id":50612, "job_level":"Senior", "skill":"C#, .NET, .NET Core"},
 {"job_id":2033278, "job_title":"C/C++ Developer", "company_id":84681, "job_level":"Senior", "skill":"OOP, C/C++, Windows"},
 {"job_id":2033283, "job_title":"Viettel Solution - Chuy\u00ean vi\u00ean Qu\u1ea3n tr\u1ecb d\u1ef1 \u00e1n (Project Manager)", "company_id":84011, "job_level":"Tr\u01b0\u1edfng ph\u00f2ng", "skill":"Agile, MCSA, PMP"},
 {"job_id":2033287, "job_title":"Viettel Solution - K\u1ef9 s\u01b0 gi\u1ea3i ph\u00e1p nghi\u1ec7p v\u1ee5  (Senior Business Analyst)", "company_id":84011, "job_level":"Senior", "skill":"Business Analyst, System Test, System Architect"},
 {"job_id":2033292, "job_title":"Data Science Manager", "company_id":94170, "job_level":"Tr\u01b0\u1edfng ph\u00f2ng", "skill":"Python, Machine Learning, Data Science"},
 {"job_id":2033301, "job_title":"NH\u00c2N VI\u00caN IT (PH\u1ea6N M\u1ec0M)", "company_id":94450, "job_level":"Junior, Middle", "skill":"Network, System, IT Security"},
 {"job_id":2033313, "job_title":"[H\u00e0 N\u1ed9i] Chuy\u00ean vi\u00ean v\u1eadn h\u00e0nh v\u00e0 tri\u1ec3n khai h\u1ec7 th\u1ed1ng CNTT", "company_id":83682, "job_level":"Junior, Middle, Senior", "skill":"Oracle, Cloud, CSDL"},
 {"job_id":2033315, "job_title":"Senior .NET Developer", "company_id":94715, "job_level":"Senior", "skill":"JavaScript, C#, .NET"},
 {"job_id":2033327, "job_title":"MASTER DATA (MDM) LEAD", "company_id":94170, "job_level":"Tr\u01b0\u1edfng Nh\u00f3m", "skill":"Data Analytics, Data Engineer, Data Operation"},
 {"job_id":2033328, "job_title":"DATA STEWARD LEAD", "company_id":94170, "job_level":"Tr\u01b0\u1edfng Nh\u00f3m", "skill":"Data Analytics, Data Operation, Data Administrator"},
 {"job_id":2033331, "job_title":"Full-stack Developer", "company_id":83765, "job_level":"Senior", "skill":"J2EE, Java, JavaScript, Full-Stack, Spring Boot"},
 {"job_id":2033338, "job_title":"[Middle/Senior] Java Engineer - Up to 50M", "company_id":94720, "job_level":"Middle, Senior", "skill":"Java, PostgreSql, Spring Boot"},
 {"job_id":2033340, "job_title":"Business Analyst - Solution (Middle/Senior)", "company_id":92833, "job_level":"Middle, Senior", "skill":"Business Analyst, Technical Writer, Commucation"},
 {"job_id":2033341, "job_title":"R&D (System) - (Junior/Middle/Senior)", "company_id":92833, "job_level":"Junior, Middle, Senior", "skill":"Network, System Engineer, System Architect"},
 {"job_id":2033343, "job_title":"Senior Java Backend Developer", "company_id":93582, "job_level":"Middle, Senior", "skill":"Java, Back-End, Hibernate, Java Spring"},
 {"job_id":2033344, "job_title":"DevOps Engineer", "company_id":92969, "job_level":"Senior", "skill":"Linux, Python, Docker"},
 {"job_id":2033353, "job_title":"System Engineer", "company_id":94657, "job_level":"Junior, Middle, Senior", "skill":"IT Consultant, Network, System"},
 {"job_id":2033366, "job_title":"Data Engineer", "company_id":94170, "job_level":"Junior, Middle", "skill":"SQL, Python, Data Engineer, PySpark"},
 {"job_id":2033367, "job_title":"Senior Data Engineer", "company_id":94170, "job_level":"Senior", "skill":"SQL, Python, Data Engineer, PySpark"},
 {"job_id":2033368, "job_title":"Business Intelligence Specialist", "company_id":94170, "job_level":"Middle, Senior", "skill":"SQL, Business Intelligence, Power BI Specialist"},
 {"job_id":2033369, "job_title":"Business Intelligence Lead", "company_id":94170, "job_level":"Tr\u01b0\u1edfng Nh\u00f3m", "skill":"SQL, Business Intelligence, Power BI Specialist"},
 {"job_id":2033377, "job_title":"L\u1eacP TR\u00ccNH VI\u00caN .NET", "company_id":93012, "job_level":"Middle, Senior", "skill":"JavaScript, HTML, .NET Core"},
 {"job_id":2033378, "job_title":"Junior Backend Developer", "company_id":94056, "job_level":"Junior", "skill":"Java, Python, Golang"},
 {"job_id":2033379, "job_title":"Fresher/Junior - Senior C++ Developer", "company_id":80787, "job_level":"Fresher, Junior, Senior", "skill":"C++, C#, CAD"},
 {"job_id":2033383, "job_title":"BackEnd Developer (NodeJS)", "company_id":84093, "job_level":"Junior, Middle, Senior", "skill":"NodeJS, Back-End, ExpressJS, NestJS, GraphQL"},
 {"job_id":2033388, "job_title":"2D Animator (Game)", "company_id":94578, "job_level":"Senior", "skill":"Photoshop, Illustrator, Adobe Creative Suite"},
 {"job_id":2033394, "job_title":"Senior .NET Developer", "company_id":84681, "job_level":"Senior", "skill":".NET, MS SQL, Oracle Rac/ SQL Server"},
 {"job_id":2033397, "job_title":"Game Developer (Cocos Creator)", "company_id":94730, "job_level":"Junior, Middle, Senior", "skill":"Android, iOS, Game Developer"},
 {"job_id":2033400, "job_title":"Manual QC Engineer", "company_id":85748, "job_level":"Middle", "skill":"Tester, QA/QC, Manual Test"},
 {"job_id":2033401, "job_title":"Senior Backend Developer (NodeJS)", "company_id":85748, "job_level":"Senior", "skill":"NodeJS, Back-End, Restful Api"},
 {"job_id":2033403, "job_title":"SENIOR JAVA DEVELOPER (HYBRID)", "company_id":83734, "job_level":"Senior", "skill":"OOP, Java, Database"},
 {"job_id":2033405, "job_title":"PRESALES ENGINEER (Network Security)", "company_id":86156, "job_level":"Middle, Senior", "skill":"Network, System Engineer, Solution Architect"},
 {"job_id":2033406, "job_title":".NET Developer (C#) (18-45Mil)", "company_id":84093, "job_level":"Middle", "skill":"C#, .NET, .NET Core"},
 {"job_id":2033407, "job_title":"Bridge Software Engineer (BrSE) - Japanese", "company_id":94733, "job_level":"Junior, Middle", "skill":"Japanese - N2, BrSE, Bridge SE"},
 {"job_id":2033409, "job_title":"K\u1ef9 s\u01b0 AI - Full-time", "company_id":72403, "job_level":"Junior, Middle, Senior", "skill":"Python, C/C++, AI"},
 {"job_id":2033410, "job_title":"AUTOMATION TESTER (QA/QC)", "company_id":81961, "job_level":"Middle, Senior", "skill":"Tester, QA/QC, Automation Tester"},
 {"job_id":2033411, "job_title":"QA Engineer", "company_id":94452, "job_level":"Senior", "skill":"QA, Web/ Mobile, Test"},
 {"job_id":2033412, "job_title":"Full-Stack Developer", "company_id":94452, "job_level":"Senior", "skill":"Full-Stack, VueJS, Nuxt.js"},
 {"job_id":2033413, "job_title":"Web Designer", "company_id":94126, "job_level":"Middle, Senior", "skill":"CSS, UX/UI Design, JavaScript, HTML, Web Design"},
 {"job_id":2033415, "job_title":"[Senior/Middle] C++ DEVELOPER", "company_id":93941, "job_level":"Middle, Senior", "skill":"C++, English, QT Framework"},
 {"job_id":2033417, "job_title":"SENIOR FULL-STACK DEVELOPER", "company_id":94199, "job_level":"Middle, Senior", "skill":"Agile, Full-Stack, TypeScript"},
 {"job_id":2033418, "job_title":"Senior Android Developer", "company_id":91783, "job_level":"Senior", "skill":"Agile, Android, Kotlin"},
 {"job_id":2033419, "job_title":"C/C++ Software Engineer - Hybrid Working & Up to $2200", "company_id":85437, "job_level":"Junior, Middle, Senior", "skill":"Linux, OOP, C/C++"},
 {"job_id":2033420, "job_title":"Software Engineering Manager", "company_id":88647, "job_level":"Tr\u01b0\u1edfng ph\u00f2ng", "skill":"C#, SQL, .NET"},
 {"job_id":2033421, "job_title":".Net (Winform) Developer", "company_id":72241, "job_level":"Junior", "skill":".NET, Winform, .NET Core"},
 {"job_id":2033422, "job_title":"Nh\u00e2n Vi\u00ean L\u1eadp Tr\u00ecnh Fullstack (2 v\u1ecb tr\u00ed)", "company_id":88386, "job_level":"Fresher", "skill":"C#, .NET, Full-Stack"},
 {"job_id":2033423, "job_title":"SENIOR MANUAL / AUTOMATION TESTER - MSB - KCN - 3I074", "company_id":88684, "job_level":"Senior", "skill":"Tester, Database, Automation Tester, Manual Test, Mobile Tester"},
 {"job_id":2033424, "job_title":"iOS Developer", "company_id":94319, "job_level":"Middle, Senior", "skill":"Swift, iOS, Objective-C"},
 {"job_id":2033425, "job_title":"Hanoi - Unity Developer_TS060401-Unity", "company_id":92937, "job_level":"Junior, Middle", "skill":"Unity, Animation 2D"},
 {"job_id":2033426, "job_title":"Senior QA/QC Engineer", "company_id":94023, "job_level":"Senior", "skill":"QA, QC, QA/QC"},
 {"job_id":2033427, "job_title":"Product Designer Lead", "company_id":94023, "job_level":"Tr\u01b0\u1edfng Nh\u00f3m", "skill":"UX/UI Design, Product Design"},
 {"job_id":2033428, "job_title":"Software Quality Assurance Executive", "company_id":84508, "job_level":"Middle, Senior", "skill":"QA, Tester, Manual Tester"},
 {"job_id":2033430, "job_title":"Junior/Mid Mobile Developer (Flutter)", "company_id":94731, "job_level":"Junior, Middle, Senior", "skill":"Golang, Mobile, Flutter"},
 {"job_id":2033431, "job_title":"DevOps Cloud Engineer", "company_id":83868, "job_level":"Middle, Senior", "skill":"Agile, DevOps, Cloud"},
 {"job_id":2033432, "job_title":"NOC Engineer", "company_id":83868, "job_level":"Junior, Middle, Senior", "skill":"Network, NOC, IT Operations"},
 {"job_id":2033433, "job_title":"Senior Card Developer", "company_id":83868, "job_level":"Senior", "skill":"SQL, Fintech, Core Banking, Oracle PL/SQL"},
 {"job_id":2033434, "job_title":"Senior Backend Developer - Node.js and PHP", "company_id":94617, "job_level":"Senior", "skill":"PHP, NodeJS, NextJS"},
 {"job_id":2033435, "job_title":"SOC Expert", "company_id":83868, "job_level":"Senior", "skill":"Python, IT Security, System Security"},
 {"job_id":2033436, "job_title":"Nh\u00e2n Vi\u00ean V\u1eadn H\u00e0nh \u1ee8ng D\u1ee5ng", "company_id":94736, "job_level":"Junior, Middle", "skill":"IT Support, IT Operations, Tri\u1ec3n Khai Ph\u1ea7n M\u1ec1m"},
 {"job_id":2033437, "job_title":"Project Management Specialist", "company_id":70890, "job_level":"Tr\u01b0\u1edfng ph\u00f2ng, Senior", "skill":"Project Manager"},
 {"job_id":2033439, "job_title":"Software Developer", "company_id":67546, "job_level":"Middle", "skill":"SQL, Angular, React"},
 {"job_id":2033441, "job_title":"Game Developer (Unity/ Cocos)", "company_id":94296, "job_level":"Middle", "skill":"Unity, Game Developer, Cosos"},
 {"job_id":2033442, "job_title":"HN - Solution Implementation Specialist - Chuy\u00ean vi\u00ean tri\u1ec3n khai gi\u1ea3i ph\u00e1p", "company_id":92937, "job_level":"Junior, Middle", "skill":"ERP, DMS, CRM System"},
 {"job_id":2033443, "job_title":"Junior Tester", "company_id":55771, "job_level":"Junior, Middle", "skill":"SQL, Tester, Manual Test"},
 {"job_id":2033444, "job_title":"Fresher Tester", "company_id":55771, "job_level":"Fresher", "skill":"SQL, Tester, Manual Test"},
 {"job_id":2033445, "job_title":"Full Stack Developer", "company_id":94501, "job_level":"Junior, Middle, Senior", "skill":"Front-End, Back-End, Full-Stack"},
 {"job_id":2033446, "job_title":".NET DEVELOPER", "company_id":55771, "job_level":"Fresher, Junior", "skill":"JavaScript, C#, .NET"},
 {"job_id":2033447, "job_title":"DevOps Engineer", "company_id":94001, "job_level":"Junior, Middle, Senior", "skill":"Linux, Python, DevOps, Cloud, CI/CD"},
 {"job_id":2033448, "job_title":"Back End Developer (Java, MySQL, Spring)", "company_id":94001, "job_level":"Middle, Senior", "skill":"Java, MySQL, REST API, Back-End, Spring"},
 {"job_id":2033449, "job_title":"Front End Developer (Javascript, ReactJS, VueJS)", "company_id":94001, "job_level":"Junior, Middle, Senior", "skill":"JavaScript, Front-End, ReactJS, VueJS"},
 {"job_id":2033450, "job_title":"Remote - Research Software Developer (Full-time/Part-time)", "company_id":61244, "job_level":"Junior, Middle, Senior", "skill":"Front-End, Back-End, Full-Stack"},
 {"job_id":2033451, "job_title":"Senior Software Engineer", "company_id":94384, "job_level":"Senior", "skill":"C#, .NET, .NET Core"},
 {"job_id":2033452, "job_title":"Technical Product Manager", "company_id":94384, "job_level":"Tr\u01b0\u1edfng ph\u00f2ng", "skill":"Product Manager"},
 {"job_id":2033453, "job_title":"BACK-END ENGINEERS", "company_id":94737, "job_level":"Junior, Middle, Senior", "skill":"Python, Golang, Back-End"},
 {"job_id":2033454, "job_title":"Principal Software Engineer", "company_id":94384, "job_level":"Senior", "skill":"C#, .NET, .NET Core"},
 {"job_id":2033455, "job_title":"Business Analyst cum PM", "company_id":94527, "job_level":"Middle, Senior", "skill":"Agile, Project Manager, Business Analyst"},
 {"job_id":2033456, "job_title":"2D VFX Artist", "company_id":94296, "job_level":"Junior, Middle", "skill":"Unity, 2D Artist, VFX"},
 {"job_id":2033457, "job_title":"Th\u1ef1c t\u1eadp sinh Javascript (Part - time)", "company_id":94319, "job_level":"Fresher, Intern", "skill":"JavaScript, ReactJS, VueJS"},
 {"job_id":2033458, "job_title":"Data Analyst", "company_id":94296, "job_level":"Fresher", "skill":"SQL, Data Analytics"},
 {"job_id":2033459, "job_title":"IT Manager", "company_id":92829, "job_level":"Tr\u01b0\u1edfng ph\u00f2ng", "skill":"System Admin, IT Manager, IT Operations"},
 {"job_id":2033460, "job_title":"DevSecOps Manager", "company_id":92829, "job_level":"Tr\u01b0\u1edfng ph\u00f2ng, Tr\u01b0\u1edfng Nh\u00f3m", "skill":"Linux, DevOps, Test, CI/CD, System Security"},
 {"job_id":2033461, "job_title":"Software Developer", "company_id":94738, "job_level":"Middle, Senior", "skill":"PHP, JavaScript, HTML"},
 {"job_id":2033462, "job_title":"AI/ ML Engineer", "company_id":94718, "job_level":"Fresher, Intern", "skill":"Machine Learning, AI"},
 {"job_id":2033463, "job_title":"Senior Java Developer (Spring Boot, JavaEE, Good English)", "company_id":94739, "job_level":"Senior", "skill":"Java, JavaEE, Spring Boot"},
 {"job_id":2033466, "job_title":"Game Developer", "company_id":93954, "job_level":"Junior, Middle", "skill":"Unity, Game Developer"},
 {"job_id":2033467, "job_title":"DevOps Engineer", "company_id":92338, "job_level":"Senior", "skill":"DevOps, Hadoop, Kafka"},
 {"job_id":2033469, "job_title":"Senior Data Analyst", "company_id":94023, "job_level":"Senior", "skill":"SQL, Data Analytics, Power BI Specialist"},
 {"job_id":2033470, "job_title":"Team Leader (C#, JavaScript, HTML5)", "company_id":79327, "job_level":"Tr\u01b0\u1edfng Nh\u00f3m", "skill":"JavaScript, C#, HTML & CSS"},
 {"job_id":2033471, "job_title":"Conversion Rate Optimization (CRO) Specialist / Data Analyst", "company_id":58023, "job_level":"Senior", "skill":"Business Analyst"},
 {"job_id":2033472, "job_title":"Senior Flutter Developer", "company_id":94312, "job_level":"Middle, Senior", "skill":"Git, Restful Api, Flutter"},
 {"job_id":2033473, "job_title":"SYSTEM ENGINEER", "company_id":92338, "job_level":"Junior, Middle, Senior", "skill":"Linux, Unix, System Engineer"},
 {"job_id":2033474, "job_title":"Technical Operations Specialist (English)", "company_id":85578, "job_level":"Fresher, Junior, Middle", "skill":"IT Helpdesk, IT Security, IT Operations"},
 {"job_id":2033475, "job_title":"Data Engineer", "company_id":93794, "job_level":"Middle, Senior", "skill":"Java, Scala, Spark"},
 {"job_id":2033476, "job_title":"Software Engineer (ALL SKILL SET, incl. Solidity, D365 & Solution\u00a0Architect)", "company_id":94027, "job_level":"Junior, Middle, Senior", "skill":"Full-Stack, Software Developer, Solution Architect"},
 {"job_id":2033477, "job_title":"Game Frontend Developer (Cocos-2d, Unity)", "company_id":94336, "job_level":"Middle, Senior", "skill":"Unity, Game, Cocos2D"},
 {"job_id":2033478, "job_title":"Client SDK Developer (C++)", "company_id":93797, "job_level":"Middle, Senior", "skill":"Unity, C++, C#"},
 {"job_id":2033479, "job_title":"Korean Speaking Project Manager (Agile/Scrum)", "company_id":93797, "job_level":"Tr\u01b0\u1edfng ph\u00f2ng", "skill":"Agile, Project Manager, Scrum"},
 {"job_id":2033481, "job_title":"Remote/Hybrid [HCM] - Data Analyst (CRO/Affiliate Marketing)_TS06072024-DataAnalyst", "company_id":92937, "job_level":"Junior, Middle", "skill":"Data Analytics, Data Analyst"},
 {"job_id":2033482, "job_title":"Front-End Developer (VueJS - Typescript) Senior - Mid", "company_id":93797, "job_level":"Senior", "skill":"Front-End, VueJS, Angular"},
 {"job_id":2033483, "job_title":"(Java/JSP) Backend Developer (Senior/Middle)", "company_id":93797, "job_level":"Middle, Senior", "skill":"Java, SQL, Back-End"},
 {"job_id":2033484, "job_title":"IT Coordinator", "company_id":93797, "job_level":"Fresher, Junior", "skill":"English, Korean, IT Coordinator"},
 {"job_id":2033485, "job_title":"Tech Lead \u2013 ERP Software", "company_id":63221, "job_level":"Tr\u01b0\u1edfng ph\u00f2ng, Tr\u01b0\u1edfng Nh\u00f3m, Senior", "skill":"ERP, Hibernate, PostgreSql, JavaEE, JPA"},
 {"job_id":2033487, "job_title":"Tuy\u1ec3n Back-end Developer cho D\u1ef1 \u00e1n KTC - K\u1ebft n\u1ed1i Developer Vi\u1ec7t Nam sang l\u00e0m vi\u1ec7c l\u1ea1i H\u00e0n Qu\u1ed1c (t\u1eeb 2 - 4 n\u0103m kinh nghi\u1ec7m)", "company_id":94669, "job_level":"Junior, Middle, Senior", "skill":"OOP, Java, SQL, Hibernate, Java Spring"},
 {"job_id":2033488, "job_title":"Tuy\u1ec3n Front-end Developer cho D\u1ef1 \u00e1n KTC - K\u1ebft n\u1ed1i Developer Vi\u1ec7t Nam sang l\u00e0m vi\u1ec7c l\u1ea1i H\u00e0n Qu\u1ed1c (t\u1eeb 2 - 4 n\u0103m kinh nghi\u1ec7m)", "company_id":94669, "job_level":"Junior, Middle, Senior", "skill":"CSS, JavaScript, HTML, ReactJS, Redux"},
 {"job_id":2033489, "job_title":"IT Data Architect", "company_id":94001, "job_level":"Junior, Middle, Senior", "skill":"Oracle, MySQL, NoSQL, Data Architecture"},
 {"job_id":2033490, "job_title":"Backend Developer Python (Django, SQL, MySQL, Cloud)", "company_id":94001, "job_level":"Junior, Middle, Senior", "skill":"Django, SQL, MySQL, Python, Cloud"},
 {"job_id":2033491, "job_title":"Java Engineer (Middle and above)", "company_id":93864, "job_level":"Tr\u01b0\u1edfng Nh\u00f3m, Middle, Senior", "skill":"Spring, Java EE, Java Core, Java Spring Boot"},
 {"job_id":2033492, "job_title":"Junior/Middle Full-stack (C#, .Net, Angular )", "company_id":88647, "job_level":"Junior, Middle", "skill":"C#, .NET, Angular"},
 {"job_id":2033493, "job_title":"Senior Full-stack (C#, .Net, Angular, English)", "company_id":88647, "job_level":"Senior", "skill":"C#, .NET, Angular"},
 {"job_id":2033494, "job_title":"Senior Security Engineer (Networking, Cloud)", "company_id":94746, "job_level":"Senior", "skill":"Cloud, Network, Security Engineer"},
 {"job_id":2033495, "job_title":"Viettel Solution - K\u1ef9 s\u01b0 ph\u00e1t tri\u1ec3n ph\u1ea7n m\u1ec1m (Junior Software Engineer)", "company_id":84011, "job_level":"Junior", "skill":"PHP, Java, .NET"},
 {"job_id":2033496, "job_title":"Test Engineer (Automotive/ Home & Appliance)", "company_id":85437, "job_level":"Junior, Middle, Senior", "skill":"Python, Embedded, Automation Tester"},
 {"job_id":2033498, "job_title":"Fresher Salesforce Developer", "company_id":93985, "job_level":"Fresher, Intern", "skill":"Salesforce"},
 {"job_id":2033499, "job_title":"[H\u00e0 N\u1ed9i] Chuy\u00ean vi\u00ean Ph\u00e2n t\u00edch nghi\u1ec7p v\u1ee5", "company_id":83682, "job_level":"Junior, Middle, Senior", "skill":"Business Analyst"},
 {"job_id":2033500, "job_title":"Java Solution Architect (Banking Domain)", "company_id":61226, "job_level":"Tr\u01b0\u1edfng Nh\u00f3m, Senior", "skill":"Java, Technical Leader, Solution Architect"},
 {"job_id":2033501, "job_title":"Cobol Development Supervisor", "company_id":94748, "job_level":"Fresher, Junior, Middle", "skill":"Java, .NET, COBOL"},
 {"job_id":2033502, "job_title":"Technical Lead (.NET)", "company_id":94409, "job_level":"Tr\u01b0\u1edfng ph\u00f2ng, Tr\u01b0\u1edfng Nh\u00f3m", "skill":".NET, Technical Leader, Technical Architect"},
 {"job_id":2033503, "job_title":"Java Developer", "company_id":89389, "job_level":"Middle, Senior", "skill":"Java, Software Developer, Software Engineer"},
 {"job_id":2033504, "job_title":"NodeJS Developer", "company_id":92640, "job_level":"Middle, Senior", "skill":"NodeJS"},
 {"job_id":2033505, "job_title":"Frontend Developer", "company_id":94534, "job_level":"Senior", "skill":"CSS, JavaScript, HTML, Front-End"},
 {"job_id":2033507, "job_title":"DevOps Engineer", "company_id":94737, "job_level":"Junior, Middle, Senior", "skill":"Python, DevOps, CI/CD"},
 {"job_id":2033508, "job_title":"Technical Leader (AI, Java, Python)", "company_id":53647, "job_level":"Tr\u01b0\u1edfng Nh\u00f3m", "skill":"Java, Python, AI"},
 {"job_id":2033509, "job_title":"Front-End Developer (Angular/ ReactJS/ React Native)", "company_id":68206, "job_level":"Junior, Middle, Senior", "skill":"ReactJS, React Native, Angular"},
 {"job_id":2033510, "job_title":"Senior Full-stack Software Engineer (NodeJs)", "company_id":63904, "job_level":"Senior", "skill":"JavaScript, NodeJS, Full-Stack"},
 {"job_id":2033511, "job_title":".NET Developer", "company_id":93634, "job_level":"Senior", "skill":".NET, .NET Core"},
 {"job_id":2033512, "job_title":"03 Full-Stack Developer (Laravel, VueJS)", "company_id":94749, "job_level":"Junior, Middle, Senior", "skill":"Laravel, Full-Stack, VueJS"},
 {"job_id":2033514, "job_title":"HN | Project Manager (N2+)", "company_id":92937, "job_level":"Middle, Senior", "skill":"Project Manager, Japanese ( N1 Or N2), PMP"},
 {"job_id":2033515, "job_title":"HN | BrSE - Bridge System Engineer (ti\u1ebfng Nh\u1eadt N2+)", "company_id":92937, "job_level":"Middle, Senior", "skill":"BrSE, Bridge SE, Japanese ( N1 Or N2)"},
 {"job_id":2033516, "job_title":"Back End Node JS Developer", "company_id":94750, "job_level":"Junior, Middle, Senior", "skill":"NodeJS, Back-End, TypeScript"},
 {"job_id":2033517, "job_title":"QA Engineer (Automation)", "company_id":92367, "job_level":"Middle", "skill":"QA, Automation QA, Mobile Tester"},
 {"job_id":2033518, "job_title":"Power BI and Report Developer", "company_id":67546, "job_level":"Middle, Senior", "skill":"SQL, Data Analyst, Power BI Specialist"},
 {"job_id":2033519, "job_title":".NET Developer (C#)", "company_id":88817, "job_level":"Middle", "skill":"C#, .NET, .NET Core"},
 {"job_id":2033520, "job_title":"Backend Developer", "company_id":84681, "job_level":"Middle, Senior", "skill":"Java, JavaScript, Python"},
 {"job_id":2033521, "job_title":"CV Qu\u1ea3n tr\u1ecb c\u01a1 s\u1edf d\u1eef li\u1ec7u (Database Admin, Oracle, SQL)", "company_id":88817, "job_level":"Middle", "skill":"Oracle, SQL, Database"},
 {"job_id":2033523, "job_title":"UI/UX Designer", "company_id":84093, "job_level":"Fresher", "skill":"UX/UI Design, UX Design"},
 {"job_id":2033524, "job_title":"Fresher Java Developer (Chinese)", "company_id":80858, "job_level":"Fresher", "skill":"Java, JavaScript, Java Swing"},
 {"job_id":2033525, "job_title":"[Remote] Motion Designer", "company_id":94712, "job_level":"Fresher", "skill":"2D Animator"},
 {"job_id":2033526, "job_title":"Software Engineer (Android)", "company_id":92829, "job_level":"Junior, Middle", "skill":"Android, CI/CD, Software Engineer"},
 {"job_id":2033527, "job_title":"Business Analyst - Chuy\u00ean Gia Ph\u00e2n T\u00edch Nghi\u1ec7p V\u1ee5 H\u1ec7 Th\u1ed1ng CLIMS", "company_id":91848, "job_level":"Middle, Senior", "skill":"Tester, Business Analyst, Analyst"},
 {"job_id":2033528, "job_title":"Business Analyst - Chuy\u00ean Gia Ph\u00e2n T\u00edch Nghi\u1ec7p V\u1ee5 H\u1ec7 Th\u1ed1ng CoreBanking T24", "company_id":91848, "job_level":"Middle, Senior", "skill":"Product, Business Analyst, Core Banking"},
 {"job_id":2033529, "job_title":"Application/Solution Architect - Ki\u1ebfn Tr\u00fac \u1ee8ng D\u1ee5ng KHCN/KHDN", "company_id":91848, "job_level":"Middle, Senior", "skill":"Fintech, Core Banking, Solution Architect"},
 {"job_id":2033530, "job_title":"Architect: System Integration Solution", "company_id":91848, "job_level":"Middle, Senior", "skill":"SQL, CI/CD, Solution Architect, ESB, System Architect"},
 {"job_id":2033531, "job_title":"Mid HTS (Home Trading System) Developer - Windows Desktop Application", "company_id":92332, "job_level":"Middle, Senior", "skill":"Agile, C++, JavaScript, MVC, MVVM"},
 {"job_id":2033532, "job_title":"Mid MTS (Mobile Trading System) Developer - Android/iOS", "company_id":92332, "job_level":"Middle, Senior", "skill":"Android, iOS, JavaScript, Mobile"},
 {"job_id":2033533, "job_title":"[Fresher] Java Developer", "company_id":83675, "job_level":"Fresher", "skill":"Java, Git, Java Spring"},
 {"job_id":2033534, "job_title":"SCRUM MASTER KI\u00caM TESTER", "company_id":94093, "job_level":"Middle, Senior", "skill":"Agile, Tester, Scrum Master"},
 {"job_id":2033535, "job_title":"Chuy\u00ean Vi\u00ean C\u00f4ng Ngh\u1ec7 Th\u00f4ng Tin", "company_id":94549, "job_level":"Fresher, Junior, Middle, Senior", "skill":"Java, Front-End, .NET MVC"},
 {"job_id":2033536, "job_title":"Associate Product Manager", "company_id":88647, "job_level":"Middle, Senior", "skill":"Project Manager"},
 {"job_id":2033537, "job_title":"SENIOR FRONT-END (REACTJS)", "company_id":93794, "job_level":"Middle, Senior", "skill":"JavaScript, Front-End, ReactJS"},
 {"job_id":2033539, "job_title":"Chuy\u00ean vi\u00ean SAP (ABAP)", "company_id":93794, "job_level":"Middle, Senior", "skill":"SQL, ABAP, SAP Consultant"},
 {"job_id":2033540, "job_title":"[HN] Software Tester", "company_id":92398, "job_level":"Junior, Middle", "skill":"Tester, Automation Tester, Manual Tester"},
 {"job_id":2033541, "job_title":"[H\u00e0 N\u1ed9i] Chuy\u00ean vi\u00ean v\u1eadn h\u00e0nh v\u00e0 tri\u1ec3n khai h\u1ec7 th\u1ed1ng CNTT", "company_id":83682, "job_level":"Junior, Middle, Senior", "skill":"Oracle, Cloud, CSDL"},
 {"job_id":2033542, "job_title":"Java Developer [Middle/Senior]", "company_id":94756, "job_level":"Senior", "skill":"Java, MySQL, Spring Boot"},
 {"job_id":2033543, "job_title":"PHP DEVELOPER", "company_id":83682, "job_level":"Fresher", "skill":"PHP, MySQL"},
 {"job_id":2033544, "job_title":"JAVA DEVELOPER", "company_id":83682, "job_level":"Fresher", "skill":"OOP, Java, Design Patterns"},
 {"job_id":2033545, "job_title":"Java Developer (Spring/Java Core)", "company_id":94186, "job_level":"Senior", "skill":"Java, Spring, Java Core"},
 {"job_id":2033546, "job_title":"DATA ANALYST", "company_id":62606, "job_level":"Fresher", "skill":"SQL, Data Analytics"},
 {"job_id":2033547, "job_title":"DATA ENGINEER", "company_id":62606, "job_level":"Fresher", "skill":"SQL, Data Engineer"},
 {"job_id":2033548, "job_title":"PRODUCT SPECIALIST", "company_id":62606, "job_level":"Fresher", "skill":"Product"},
 {"job_id":2033549, "job_title":"Project Leader cum Bridge Software Engineer", "company_id":94347, "job_level":"Tr\u01b0\u1edfng ph\u00f2ng, Tr\u01b0\u1edfng Nh\u00f3m", "skill":"Bridge SE, Project Leader, Software Engineer"},
 {"job_id":2033550, "job_title":".NET Technical Lead (.NET Core/MicroService)", "company_id":94186, "job_level":"Tr\u01b0\u1edfng Nh\u00f3m", "skill":".NET, Technical Leader, .NET Core"},
 {"job_id":2033551, "job_title":"Lead Front-end Developer", "company_id":94726, "job_level":"Tr\u01b0\u1edfng Nh\u00f3m", "skill":"HTML5, JavaScript, Front-End, Java Spring"},
 {"job_id":2033552, "job_title":"SOFTWARE DEVELOPER", "company_id":62606, "job_level":"Fresher", "skill":"Java, Software Developer"},
 {"job_id":2033553, "job_title":"UNDERWRITING SYSTEM SPECIALIST", "company_id":62606, "job_level":"Fresher", "skill":"Java, SQL"},
 {"job_id":2033555, "job_title":"K\u1ef9 S\u01b0 Giao Di\u1ec7n Ng\u01b0\u1eddi D\u00f9ng (ReactJS, NodeJS)", "company_id":83699, "job_level":"Junior, Middle, Senior", "skill":"NodeJS, React JS"},
 {"job_id":2033556, "job_title":"SOFTWARE ENGINEER (C#,.NET)", "company_id":85190, "job_level":"Middle, Senior", "skill":"C#, SQL, .NET"},
 {"job_id":2033557, "job_title":"iOS DEVELOPER", "company_id":94757, "job_level":"Junior, Middle, Senior", "skill":"iOS, Firebase, SwiftUI"},
 {"job_id":2033558, "job_title":"K\u1ef9 S\u01b0 C++", "company_id":83699, "job_level":"Junior, Middle", "skill":"OOP, C/C++, Solid"},
 {"job_id":2033559, "job_title":"Full-stack Developer", "company_id":94615, "job_level":"Middle, Senior", "skill":"JavaScript, Python, Full-Stack"},
 {"job_id":2033560, "job_title":"IT Security", "company_id":92640, "job_level":"Junior, Middle, Senior", "skill":"Network, IT Security, LAN"},
 {"job_id":2033561, "job_title":"Mid- Senior QC (Japanese N4)", "company_id":84189, "job_level":"Middle, Senior", "skill":"QC, Japanese - N4"},
 {"job_id":2033562, "job_title":"Tr\u01b0\u1edfng nh\u00f3m Nghi\u00ean c\u1ee9u c\u00f4ng ngh\u1ec7 - M\u00e3 v\u1ecb tr\u00ed CN01 (s\u1ed1 l\u01b0\u1ee3ng: 01)", "company_id":78312, "job_level":"Tr\u01b0\u1edfng ph\u00f2ng, Tr\u01b0\u1edfng Nh\u00f3m", "skill":"Big Data, Fintech, Cloud, Blockchain, AI"},
 {"job_id":2033563, "job_title":"Chuy\u00ean gia Ki\u1ebfn tr\u00fac doanh nghi\u1ec7p \u2013 M\u00e3 v\u1ecb tr\u00ed CN02 (s\u1ed1 l\u01b0\u1ee3ng 01)", "company_id":78312, "job_level":"Senior", "skill":"Fintech, AWS, Cloud"},
 {"job_id":2033564, "job_title":"Senior Backend Engineer", "company_id":93794, "job_level":"Senior", "skill":"Java, MySQL, Back-End"},
 {"job_id":2033565, "job_title":"Chuy\u00ean gia Cloud \u2013 M\u00e3 v\u1ecb tr\u00ed CN03 (s\u1ed1 l\u01b0\u1ee3ng 01)", "company_id":78312, "job_level":"Senior", "skill":"Fintech, AWS, Cloud, Azure"},
 {"job_id":2033566, "job_title":"Chuy\u00ean vi\u00ean nghi\u00ean c\u1ee9u c\u00f4ng ngh\u1ec7 - M\u00e3 v\u1ecb tr\u00ed CN04 (S\u1ed1 l\u01b0\u1ee3ng: 02)", "company_id":78312, "job_level":"Junior, Middle, Senior", "skill":"Java, Python, .NET, Fintech, Cloud"},
 {"job_id":2033567, "job_title":"Chuy\u00ean vi\u00ean H\u1ec7 th\u1ed1ng c\u00f4ng ngh\u1ec7 th\u00f4ng tin \u2013 M\u00e3 v\u1ecb tr\u00ed CN05 (s\u1ed1 l\u01b0\u1ee3ng: 02)", "company_id":78312, "job_level":"Middle, Senior", "skill":"System Admin, IT Administrator, IT Security"},
 {"job_id":2033568, "job_title":"Chuy\u00ean vi\u00ean Ki\u1ebfn tr\u00fac c\u00f4ng ngh\u1ec7 th\u00f4ng tin (Ki\u1ebfn tr\u00fac s\u01b0 gi\u1ea3i ph\u00e1p) \u2013 M\u00e3 v\u1ecb tr\u00ed CN07 (s\u1ed1 l\u01b0\u1ee3ng 01)", "company_id":78312, "job_level":"Middle, Senior", "skill":"Cloud, Software Architect, Core Banking, Solution Architect, System Security"},
 {"job_id":2033569, "job_title":"Chuy\u00ean vi\u00ean An to\u00e0n th\u00f4ng tin \u2013 M\u00e3 v\u1ecb tr\u00ed CN06 (s\u1ed1 l\u01b0\u1ee3ng: 01)", "company_id":78312, "job_level":"Middle, Senior", "skill":"Cloud, Software Architect, Core Banking, Solution Architect, System Security"},
 {"job_id":2033570, "job_title":"Chuy\u00ean Vi\u00ean Ki\u1ec3m Th\u1eed An To\u00e0n Th\u00f4ng Tin", "company_id":87137, "job_level":"Junior, Middle, Senior", "skill":"Tester, Security Engineer"},
 {"job_id":2033571, "job_title":"L\u1eadp Tr\u00ecnh Vi\u00ean .NET", "company_id":87137, "job_level":"Junior, Middle, Senior", "skill":"ASP.NET, C#, .NET Core"},
 {"job_id":2033572, "job_title":"Chuy\u00ean vi\u00ean c\u1ea5p cao Cloud (Ki\u1ebfn tr\u00fac s\u01b0 Cloud) \u2013 M\u00e3 v\u1ecb tr\u00ed CN08 (s\u1ed1 l\u01b0\u1ee3ng 01)", "company_id":78312, "job_level":"Senior", "skill":"Fintech, AWS, Cloud"},
 {"job_id":2033573, "job_title":"Chuy\u00ean vi\u00ean Gi\u1ea3i ph\u00e1p ph\u1ea7n m\u1ec1m \u2013 M\u00e3 v\u1ecb tr\u00ed CN09 (S\u1ed1 l\u01b0\u1ee3ng: 01)", "company_id":78312, "job_level":"Senior", "skill":"Fintech, Software, Solution Architect"},
 {"job_id":2033576, "job_title":"SENIOR FULL-STACK DEVELOPER", "company_id":92908, "job_level":"Senior", "skill":"Laravel, Full-Stack, ReactJS"},
 {"job_id":2033581, "job_title":"Solution Architect", "company_id":92369, "job_level":"Middle, Senior", "skill":"Java, JavaScript, Solution Architect"},
 {"job_id":2033582, "job_title":"JAVA DEVELOPER", "company_id":92369, "job_level":"Middle, Senior", "skill":"Java, Java Core"},
 {"job_id":2033583, "job_title":"AI ENGINEER", "company_id":92369, "job_level":"Junior, Middle, Senior", "skill":"Python, AI, Tableau"},
 {"job_id":2033584, "job_title":"PROJECT MANAGER", "company_id":92369, "job_level":"Tr\u01b0\u1edfng Nh\u00f3m", "skill":"Project Manager"},
 {"job_id":2033585, "job_title":"HCM/Hybrid - Senior Golang Developer_TS061802-Golang", "company_id":92937, "job_level":"Senior", "skill":"MongoDB, Golang, Postgre"},
 {"job_id":2033586, "job_title":"HCM/Hybrid - Senior Project Manager (Fintech)_TS061802-PM", "company_id":92937, "job_level":"Tr\u01b0\u1edfng ph\u00f2ng", "skill":"Project Manager, Agile & Scrum"},
 {"job_id":2033587, "job_title":"HCM Hybrid - Senior Automation Tester - TS061802-Autotest", "company_id":92937, "job_level":"Senior", "skill":"Java, Automation Tester, Automation QA"},
 {"job_id":2033588, "job_title":"Hanoi - Senior Java Developer_TS030201-BE", "company_id":92937, "job_level":"Senior", "skill":"SQL Server, Java EE, Java Spring Boot"},
 {"job_id":2033589, "job_title":"HCM Hybrid - Senior Java Developer - TS061802-SrJava", "company_id":92937, "job_level":"Senior", "skill":"Java, Java Core, Kubernete"},
 {"job_id":2033590, "job_title":"Mobile Developer (Android)", "company_id":94760, "job_level":"Middle, Senior", "skill":"Java, Mobile, Kotlin"},
 {"job_id":2033591, "job_title":"Senior Mobile App (React Native)", "company_id":79827, "job_level":"Senior", "skill":"Android, iOS, React Native"},
 {"job_id":2033592, "job_title":"Senior Java Backend Developer (Java, Spring)", "company_id":59216, "job_level":"Senior", "skill":"Java, Back-End, Spring"},
 {"job_id":2033593, "job_title":"Fullstack Engineer", "company_id":85604, "job_level":"Middle, Senior", "skill":"Java, Full-Stack, ReactJS"},
 {"job_id":2033594, "job_title":"Software Tester", "company_id":67320, "job_level":"Junior, Middle", "skill":"Test, Manual Tester, Web Tester"},
 {"job_id":2033596, "job_title":"DEV Unity Fulltime", "company_id":94640, "job_level":"Fresher", "skill":"Unity, Game, Game Developer"},
 {"job_id":2033597, "job_title":"L\u1eadp tr\u00ecnh vi\u00ean .NET (Web v\u00e0 WinForms)", "company_id":68206, "job_level":"Middle, Senior", "skill":"ASP.NET, .NET, .NET Core"},
 {"job_id":2033598, "job_title":"Chuy\u00ean Vi\u00ean Ph\u00e1t Tri\u1ec3n Ph\u1ea7n M\u1ec1m (Java Backend)", "company_id":64442, "job_level":"Senior", "skill":"Java, Restful Api, Java Spring Boot"},
 {"job_id":2033599, "job_title":"Chuy\u00ean Vi\u00ean Ki\u1ec3m Th\u1eed Ph\u1ea7n M\u1ec1m (Tester)", "company_id":64442, "job_level":"Middle, Senior", "skill":"Tester, Automation Tester, Manual Test"},
 {"job_id":2033600, "job_title":"IT Director", "company_id":94763, "job_level":"Tr\u01b0\u1edfng ph\u00f2ng", "skill":"ERP, AI, CRM"},
 {"job_id":2033601, "job_title":"IT Manager", "company_id":94763, "job_level":"Tr\u01b0\u1edfng Nh\u00f3m", "skill":"ERP"},
 {"job_id":2033602, "job_title":"Python Developer", "company_id":76787, "job_level":"Junior, Middle", "skill":"PHP, JSON, Crawling"},
 {"job_id":2033603, "job_title":"Database Administrator", "company_id":94763, "job_level":"Senior", "skill":"Oracle, SQL, Database"},
 {"job_id":2033604, "job_title":"NH\u00c2N VI\u00caN L\u1eacP TR\u00ccNH (.NET, SQL, ANGULAR)", "company_id":85784, "job_level":"Junior, Middle, Senior", "skill":"SQL, .NET, Angular"},
 {"job_id":2033605, "job_title":"Tester (QA/QC)", "company_id":94763, "job_level":"Senior", "skill":"Tester, QA/QC, Manual Test"},
 {"job_id":2033606, "job_title":"CHUY\u00caN VI\u00caN QU\u1ea2N L\u00dd PH\u1ea6N M\u1ec0M", "company_id":94763, "job_level":"Senior", "skill":"IT System"},
 {"job_id":2033607, "job_title":"Senior Data Engineer", "company_id":83749, "job_level":"Middle, Senior", "skill":"MySQL, Python, Data Engineer"},
 {"job_id":2033608, "job_title":"Back-End .NET Developer", "company_id":94764, "job_level":"Middle, Senior", "skill":"SQL, Back-End, .NET Core"},
 {"job_id":2033609, "job_title":"Chuy\u00ean vi\u00ean/Chuy\u00ean vi\u00ean cao c\u1ea5p Ph\u00e1t tri\u1ec3n \u1ee9ng d\u1ee5ng BackEnd", "company_id":92969, "job_level":"Junior, Middle, Senior", "skill":"Java, Back-End, Spring Boot"},
 {"job_id":2033610, "job_title":"HO - Chuy\u00ean vi\u00ean Ph\u00e1t tri\u1ec3n \u1ee9ng d\u1ee5ng", "company_id":86997, "job_level":"Senior", "skill":"SQL, Python, C Language"},
 {"job_id":2033611, "job_title":"Software Engineer (C++)", "company_id":94067, "job_level":"Middle, Senior", "skill":"Swift, C++, Java"},
 {"job_id":2033612, "job_title":"Technical Leader (ReactJS, NextJS, Flutter)", "company_id":70161, "job_level":"Tr\u01b0\u1edfng Nh\u00f3m", "skill":"Japanese, React JS, Angular, Flutter, NextJS"},
 {"job_id":2033613, "job_title":"Quality Assurance (QA)", "company_id":61226, "job_level":"Junior, Middle, Senior", "skill":"Tester, Unit Testing, Integration Test"},
 {"job_id":2033614, "job_title":"Backend Game - Senior Fulltime", "company_id":94640, "job_level":"Senior", "skill":"Java, NodeJS, Golang"},
 {"job_id":2033615, "job_title":"Manual Tester (Kh\u00f4ng y\u00eau c\u1ea7u Ti\u1ebfng Anh)", "company_id":94312, "job_level":"Junior, Middle, Senior", "skill":"Tester, Manual Test, Integration Test"},
 {"job_id":2033616, "job_title":"Team Leader (Sr.Engineer), Mobile Development (React native)", "company_id":83892, "job_level":"Tr\u01b0\u1edfng Nh\u00f3m, Senior", "skill":"Mobile, React Native"},
 {"job_id":2033617, "job_title":"Data Engineer", "company_id":71079, "job_level":"Fresher, Junior", "skill":"Oracle, SQL, MySQL"},
 {"job_id":2033618, "job_title":"Digital Planner", "company_id":80858, "job_level":"Junior, Middle, Senior", "skill":"CSS, HTML, RPA using UiPath"},
 {"job_id":2033619, "job_title":"Senior Software Engineer Back-End - L\u01b0\u01a1ng upto 50M", "company_id":94720, "job_level":"Senior", "skill":"OOP, NodeJS, PostgreSql"},
 {"job_id":2033620, "job_title":"Product Games (PO/PM)", "company_id":84168, "job_level":"Middle", "skill":"Project Manager, Game, Product Owner"},
 {"job_id":2033621, "job_title":"Senior .NET Developer (OOP, C#)", "company_id":94768, "job_level":"Junior, Middle, Senior", "skill":"OOP, C#, .NET"},
 {"job_id":2033622, "job_title":".NET Leader (OOP, C#)", "company_id":94768, "job_level":"Tr\u01b0\u1edfng Nh\u00f3m", "skill":"OOP, .NET, .NET Core"},
 {"job_id":2033623, "job_title":"Frontend Developer", "company_id":92534, "job_level":"Middle, Senior", "skill":"Linux, Front-End, VueJS"},
 {"job_id":2033624, "job_title":"L\u1eadp tr\u00ecnh vi\u00ean Backend (PHP, WordPress)", "company_id":92615, "job_level":"Junior, Middle", "skill":"PHP, WordPress, Back-End"},
 {"job_id":2033625, "job_title":"PHP Developer (Senior/Middle)", "company_id":55929, "job_level":"Middle, Senior", "skill":"PHP, MySQL, Laravel"},
 {"job_id":2033626, "job_title":"Senior Automation Tester", "company_id":76377, "job_level":"Senior", "skill":"Java, JavaScript, Tester, API, Automation Tester"},
 {"job_id":2033627, "job_title":"Backend Developer (Python/ Ruby/ C#)", "company_id":92534, "job_level":"Middle, Senior", "skill":"C#, Python, Ruby"},
 {"job_id":2033629, "job_title":"WordPress Fullstack Developer", "company_id":94125, "job_level":"Junior, Middle", "skill":"PHP, UX/UI Design, WordPress"},
 {"job_id":2033631, "job_title":"Junior Tester (QA/QC)", "company_id":73654, "job_level":"Fresher, Junior", "skill":"English - Good, QA/QC, Manual Tester"},
 {"job_id":2033632, "job_title":"HCM-React Native Developer_TS032401-MTS", "company_id":92937, "job_level":"Middle, Senior", "skill":"JavaScript, React Native"},
 {"job_id":2033633, "job_title":"HCM - JavaScript Developer (English)_TS032901FE", "company_id":92937, "job_level":"Middle, Senior", "skill":"JavaScript"},
 {"job_id":2033634, "job_title":"HCM - Junior/Middle Product Owner (Mobile App)_TS062101-POmobile", "company_id":92937, "job_level":"Junior, Middle", "skill":"UX/UI Design, Product Owner, Data Analyst"},
 {"job_id":2033635, "job_title":"Hybrid/HCMC - Technical Lead (PHP, Laravel)_TS062402-TechleadPHP", "company_id":92937, "job_level":"Tr\u01b0\u1edfng Nh\u00f3m", "skill":"PHP, JavaScript, Laravel"},
 {"job_id":2033636, "job_title":"Hu\u1ebf - Technical Project Manager_TS062403-TechnicalPM", "company_id":92937, "job_level":"Tr\u01b0\u1edfng ph\u00f2ng", "skill":"JavaScript, My SQL, TypeScript"},
 {"job_id":2033637, "job_title":"Senior Fullstack Developer", "company_id":94770, "job_level":"Senior", "skill":"JavaScript, Full-Stack, NestJS"},
 {"job_id":2033638, "job_title":"Dynamics 365 Support Technician (Open for freshers)", "company_id":94020, "job_level":"Fresher, Junior, Middle", "skill":"English, Technical Support"},
 {"job_id":2033639, "job_title":"Chuy\u00ean Vi\u00ean Cao C\u1ea5p V\u1eadn H\u00e0nh C\u01a1 S\u1edf D\u1eef Li\u1ec7u", "company_id":92969, "job_level":"Middle, Senior", "skill":"Database Administrator, IT System, IT Operations"},
 {"job_id":2033640, "job_title":"WEB DESIGNER & PUBLISHER", "company_id":94751, "job_level":"Middle, Senior", "skill":"CSS, HTML, Web Design"},
 {"job_id":2033641, "job_title":"C++ DEVELOPER", "company_id":76377, "job_level":"Middle, Senior", "skill":"Linux, OOP, C++"},
 {"job_id":2033642, "job_title":"Chuy\u00ean Vi\u00ean An To\u00e0n Th\u00f4ng Tin", "company_id":87151, "job_level":"Middle, Senior", "skill":"Linux, Security Engineer, System Security"},
 {"job_id":2033643, "job_title":"NH\u00c2N VI\u00caN TRI\u1ec2N KHAI PH\u1ea6N M\u1ec0M", "company_id":85784, "job_level":"Fresher", "skill":"SQL, Software, ERP Consultant"},
 {"job_id":2033644, "job_title":"[Remote Fulltime] Intern/Fresher/Junior Graphic Designer/UI/UX", "company_id":87926, "job_level":"Fresher, Intern, Junior", "skill":"UX/UI Design, UX Design, Graphic Design"},
 {"job_id":2033645, "job_title":"[Remote Fulltime ]Intern/Fresher/Junior Web Cloud Developer (Azure)", "company_id":87926, "job_level":"Fresher, Intern, Junior", "skill":".NET, Full-Stack, Azure"},
 {"job_id":2033647, "job_title":"Junior Back-End Developer", "company_id":94747, "job_level":"Junior", "skill":"Python, Back-End, Rust"},
 {"job_id":2033648, "job_title":"Fresher MEV/Blockchain Strategy Analysis", "company_id":94747, "job_level":"Fresher", "skill":"Python, Data Analytics, Blockchain"},
 {"job_id":2033650, "job_title":"QA Tester (Contractor)", "company_id":94170, "job_level":"Junior, Middle", "skill":"QA, Tester, Automation Tester"},
 {"job_id":2033651, "job_title":"Chuy\u00ean vi\u00ean Qu\u1ea3n tr\u1ecb C\u01a1 s\u1edf d\u1eef li\u1ec7u (DBA)", "company_id":86997, "job_level":"Senior", "skill":"Oracle, SQL, MySQL"},
 {"job_id":2033652, "job_title":"Chuy\u00ean vi\u00ean Qu\u1ea3n l\u00fd d\u1eef li\u1ec7u & Khai th\u00e1c th\u00f4ng tin", "company_id":86997, "job_level":"Senior", "skill":"Oracle, MySQL"},
 {"job_id":2033653, "job_title":"Back-End Developer (JSON, HTML5, CSS, Bootstrap, JavaScript and TypeScript.)", "company_id":94034, "job_level":"Middle, Senior", "skill":"Java, Angular, Spring Boot"},
 {"job_id":2033654, "job_title":"Middle/Senior DevOps Engineer", "company_id":94715, "job_level":"Middle, Senior", "skill":"DevOps, AWS, Azure"},
 {"job_id":2033655, "job_title":"Fresher Web Engineer (Javascript, SQL, AWS)", "company_id":92771, "job_level":"Fresher", "skill":"JavaScript, Web Developer, AWS"},
 {"job_id":2033656, "job_title":"Business Analyst (Upto $1600, Product Company)", "company_id":94773, "job_level":"Middle, Senior", "skill":"MySQL, ERP, Business Analyst"},
 {"job_id":2033657, "job_title":"Data Engineer (AWS, Product, US Telecommunications)", "company_id":94773, "job_level":"Senior", "skill":"SQL, Python, Data Engineer"},
 {"job_id":2033658, "job_title":"SENIOR FRONTEND DEVELOPER", "company_id":81961, "job_level":"Senior", "skill":"JavaScript, Front-End, ReactJS"},
 {"job_id":2033659, "job_title":"Fresher/Junior Android/Kotlin Developer", "company_id":92209, "job_level":"Fresher, Junior", "skill":"Android, Kotlin, Flutter"},
 {"job_id":2033663, "job_title":"QA/QC Tester Engineer", "company_id":94774, "job_level":"Fresher", "skill":"Tester, QA/QC, API"},
 {"job_id":2033664, "job_title":"[Middle/Senior] Android Developer", "company_id":88128, "job_level":"Middle, Senior", "skill":"Android, Java, Kotlin"},
 {"job_id":2033665, "job_title":"Product Manager", "company_id":94726, "job_level":"Tr\u01b0\u1edfng ph\u00f2ng", "skill":"SQL, Product Manager, Python"},
 {"job_id":2033666, "job_title":"SOFTWARE QA ENGINEER  (MANUAL)", "company_id":64832, "job_level":"Junior, Middle", "skill":"QA, Manual Test, Test"},
 {"job_id":2033667, "job_title":"L\u1eadp tr\u00ecnh vi\u00ean Full Stack PHP", "company_id":94683, "job_level":"Junior, Middle", "skill":"PHP, HTML, SQL Server"},
 {"job_id":2033669, "job_title":"IT SECURITY SPECIALIST", "company_id":94657, "job_level":"Fresher", "skill":"IT Security, Security Engineer, System Security"},
 {"job_id":2033670, "job_title":"M365 Engineer", "company_id":67546, "job_level":"Junior", "skill":"Sharepoint, Azure, Microsoft 365"},
 {"job_id":2033671, "job_title":"Web Designer (Presentation Designer)", "company_id":94416, "job_level":"Middle, Senior", "skill":"UX/UI Design, Photoshop, Web Design"},
 {"job_id":2033672, "job_title":"Global Service Desk", "company_id":67546, "job_level":"Middle, Senior", "skill":"IT Administrator, Azure, Microsoft 365"},
 {"job_id":2033673, "job_title":"Frontend Developer", "company_id":94416, "job_level":"Senior", "skill":"HTML, Front-End, Flutter"},
 {"job_id":2033674, "job_title":"Back-end Developer", "company_id":94416, "job_level":"Senior", "skill":"Django, Java, Python"},
 {"job_id":2033675, "job_title":"SharePoint Administrator/ Developer", "company_id":78272, "job_level":"Middle, Senior", "skill":"Sharepoint, Microsoft 365, Sharepoint framework"},
 {"job_id":2033676, "job_title":"Business Analyst (BA)", "company_id":72241, "job_level":"Senior", "skill":"SQL Server, Business Analyst"},
 {"job_id":2033677, "job_title":"[Intern] T\u01b0 v\u1ea5n gi\u1ea3i ph\u00e1p CNTT", "company_id":94319, "job_level":"Intern", "skill":"IT Support"},
 {"job_id":2033678, "job_title":"PHP Developer (Laravel) \u2013 Hue Office", "company_id":86774, "job_level":"Middle, Senior", "skill":"PHP, JavaScript, Laravel"}]