[{"province_id":1, "province_name":"Th\u00e0nh ph\u1ed1 H\u00e0 N\u1ed9i"},
 {"province_id":27, "province_name":"T\u1ec9nh B\u1eafc Ninh"},
 {"province_id":31, "province_name":"Th\u00e0nh ph\u1ed1 H\u1ea3i Ph\u00f2ng"},
 {"province_id":38, "province_name":"T\u1ec9nh Thanh H\u00f3a"},
 {"province_id":44, "province_name":"T\u1ec9nh Qu\u1ea3ng B\u00ecnh"},
 {"province_id":46, "province_name":"T\u1ec9nh Th\u1eeba Thi\u00ean Hu\u1ebf"},
 {"province_id":48, "province_name":"Th\u00e0nh ph\u1ed1 \u0110\u00e0 N\u1eb5ng"},
 {"province_id":49, "province_name":"T\u1ec9nh Qu\u1ea3ng Nam"},
 {"province_id":52, "province_name":"T\u1ec9nh B\u00ecnh \u0110\u1ecbnh"},
 {"province_id":56, "province_name":"T\u1ec9nh Kh\u00e1nh H\u00f2a"},
 {"province_id":64, "province_name":"T\u1ec9nh Gia Lai"},
 {"province_id":74, "province_name":"T\u1ec9nh B\u00ecnh D\u01b0\u01a1ng"},
 {"province_id":75, "province_name":"T\u1ec9nh \u0110\u1ed3ng Nai"},
 {"province_id":77, "province_name":"T\u1ec9nh B\u00e0 R\u1ecba - V\u0169ng T\u00e0u"},
 {"province_id":79, "province_name":"Th\u00e0nh ph\u1ed1 H\u1ed3 Ch\u00ed Minh"},
 {"province_id":9999, "province_name":"Remote"},
 {"province_id":9999999, "province_name":"Oversea"}]